2025-07-31 05:48:25 [HikariPool-15:housekeeper] WARN  com.zaxxer.hikari.pool.HikariPool - HikariPool-15 - Thread starvation or clock leap detected (housekeeper delta=11h24m18s655ms854µs).
2025-07-31 06:26:31 [HikariPool-15:housekeeper] WARN  com.zaxxer.hikari.pool.HikariPool - HikariPool-15 - Thread starvation or clock leap detected (housekeeper delta=34m6s376ms465µs900ns).
2025-07-31 17:28:19 [HikariPool-15:housekeeper] WARN  com.zaxxer.hikari.pool.HikariPool - HikariPool-15 - Thread starvation or clock leap detected (housekeeper delta=11h17s768ms965µs800ns).
2025-07-31 17:30:20 [http-nio-8080-exec-1] DEBUG o.s.security.web.FilterChainProxy - Securing OPTIONS /api/user-training-programs/user/15
2025-07-31 17:30:20 [http-nio-8080-exec-3] DEBUG o.s.security.web.FilterChainProxy - Securing GET /api/user-training-programs/user/15
2025-07-31 17:30:20 [http-nio-8080-exec-3] DEBUG o.s.s.w.a.AnonymousAuthenticationFilter - Set SecurityContextHolder to anonymous SecurityContext
2025-07-31 17:30:20 [http-nio-8080-exec-3] DEBUG o.s.s.w.a.Http403ForbiddenEntryPoint - Pre-authenticated entry point called. Rejecting access
2025-07-31 17:30:20 [http-nio-8080-exec-3] DEBUG o.s.security.web.FilterChainProxy - Securing GET /error
2025-07-31 17:30:20 [http-nio-8080-exec-3] DEBUG o.s.s.w.a.AnonymousAuthenticationFilter - Set SecurityContextHolder to anonymous SecurityContext
2025-07-31 17:30:20 [http-nio-8080-exec-3] DEBUG o.s.s.w.a.Http403ForbiddenEntryPoint - Pre-authenticated entry point called. Rejecting access
2025-07-31 21:41:27 [HikariPool-15:housekeeper] WARN  com.zaxxer.hikari.pool.HikariPool - HikariPool-15 - Thread starvation or clock leap detected (housekeeper delta=4h1m38s170ms881µs800ns).
2025-07-31 21:43:15 [http-nio-8080-exec-4] DEBUG o.s.security.web.FilterChainProxy - Securing OPTIONS /api/user-training-programs/user/15
2025-07-31 21:43:15 [http-nio-8080-exec-5] DEBUG o.s.security.web.FilterChainProxy - Securing GET /api/user-training-programs/user/15
2025-07-31 21:43:15 [http-nio-8080-exec-5] DEBUG o.s.s.w.a.AnonymousAuthenticationFilter - Set SecurityContextHolder to anonymous SecurityContext
2025-07-31 21:43:15 [http-nio-8080-exec-5] DEBUG o.s.s.w.a.Http403ForbiddenEntryPoint - Pre-authenticated entry point called. Rejecting access
2025-07-31 21:43:15 [http-nio-8080-exec-5] DEBUG o.s.security.web.FilterChainProxy - Securing GET /error
2025-07-31 21:43:15 [http-nio-8080-exec-5] DEBUG o.s.s.w.a.AnonymousAuthenticationFilter - Set SecurityContextHolder to anonymous SecurityContext
2025-07-31 21:43:15 [http-nio-8080-exec-5] DEBUG o.s.s.w.a.Http403ForbiddenEntryPoint - Pre-authenticated entry point called. Rejecting access
2025-07-31 21:52:00 [http-nio-8080-exec-6] DEBUG o.s.security.web.FilterChainProxy - Securing GET /
2025-07-31 21:52:00 [http-nio-8080-exec-6] DEBUG o.s.s.w.a.AnonymousAuthenticationFilter - Set SecurityContextHolder to anonymous SecurityContext
2025-07-31 21:52:00 [http-nio-8080-exec-6] DEBUG o.s.s.w.a.Http403ForbiddenEntryPoint - Pre-authenticated entry point called. Rejecting access
2025-07-31 21:52:00 [http-nio-8080-exec-6] DEBUG o.s.security.web.FilterChainProxy - Securing GET /error
2025-07-31 21:52:00 [http-nio-8080-exec-6] DEBUG o.s.s.w.a.AnonymousAuthenticationFilter - Set SecurityContextHolder to anonymous SecurityContext
2025-07-31 21:52:00 [http-nio-8080-exec-6] DEBUG o.s.s.w.a.Http403ForbiddenEntryPoint - Pre-authenticated entry point called. Rejecting access
2025-07-31 21:52:14 [http-nio-8080-exec-9] DEBUG o.s.security.web.FilterChainProxy - Securing GET /HNAP1/
2025-07-31 21:52:14 [http-nio-8080-exec-9] DEBUG o.s.s.w.a.AnonymousAuthenticationFilter - Set SecurityContextHolder to anonymous SecurityContext
2025-07-31 21:52:14 [http-nio-8080-exec-9] DEBUG o.s.s.w.a.Http403ForbiddenEntryPoint - Pre-authenticated entry point called. Rejecting access
2025-07-31 21:52:14 [http-nio-8080-exec-9] DEBUG o.s.security.web.FilterChainProxy - Securing GET /error
2025-07-31 21:52:14 [http-nio-8080-exec-9] DEBUG o.s.s.w.a.AnonymousAuthenticationFilter - Set SecurityContextHolder to anonymous SecurityContext
2025-07-31 21:52:14 [http-nio-8080-exec-9] DEBUG o.s.s.w.a.Http403ForbiddenEntryPoint - Pre-authenticated entry point called. Rejecting access
2025-07-31 21:52:17 [http-nio-8080-exec-10] DEBUG o.s.security.web.FilterChainProxy - Securing GET /loginMsg.js
2025-07-31 21:52:17 [http-nio-8080-exec-10] DEBUG o.s.s.w.a.AnonymousAuthenticationFilter - Set SecurityContextHolder to anonymous SecurityContext
2025-07-31 21:52:17 [http-nio-8080-exec-10] DEBUG o.s.s.w.a.Http403ForbiddenEntryPoint - Pre-authenticated entry point called. Rejecting access
2025-07-31 21:52:17 [http-nio-8080-exec-10] DEBUG o.s.security.web.FilterChainProxy - Securing GET /error
2025-07-31 21:52:17 [http-nio-8080-exec-10] DEBUG o.s.s.w.a.AnonymousAuthenticationFilter - Set SecurityContextHolder to anonymous SecurityContext
2025-07-31 21:52:17 [http-nio-8080-exec-10] DEBUG o.s.s.w.a.Http403ForbiddenEntryPoint - Pre-authenticated entry point called. Rejecting access
2025-07-31 21:52:17 [http-nio-8080-exec-3] DEBUG o.s.security.web.FilterChainProxy - Securing GET /cgi/get.cgi?cmd=home_login
2025-07-31 21:52:17 [http-nio-8080-exec-3] DEBUG o.s.s.w.a.AnonymousAuthenticationFilter - Set SecurityContextHolder to anonymous SecurityContext
2025-07-31 21:52:17 [http-nio-8080-exec-3] DEBUG o.s.s.w.a.Http403ForbiddenEntryPoint - Pre-authenticated entry point called. Rejecting access
2025-07-31 21:52:17 [http-nio-8080-exec-3] DEBUG o.s.security.web.FilterChainProxy - Securing GET /error?cmd=home_login
2025-07-31 21:52:17 [http-nio-8080-exec-3] DEBUG o.s.s.w.a.AnonymousAuthenticationFilter - Set SecurityContextHolder to anonymous SecurityContext
2025-07-31 21:52:17 [http-nio-8080-exec-3] DEBUG o.s.s.w.a.Http403ForbiddenEntryPoint - Pre-authenticated entry point called. Rejecting access
2025-07-31 22:00:18 [HikariPool-15:housekeeper] WARN  com.zaxxer.hikari.pool.HikariPool - HikariPool-15 - Thread starvation or clock leap detected (housekeeper delta=3m20s625ms798µs).
2025-07-31 22:01:03 [http-nio-8080-exec-4] DEBUG o.s.security.web.FilterChainProxy - Securing OPTIONS /api/user-training-programs/user/15
2025-07-31 22:01:03 [http-nio-8080-exec-5] DEBUG o.s.security.web.FilterChainProxy - Securing GET /api/user-training-programs/user/15
2025-07-31 22:01:03 [http-nio-8080-exec-5] DEBUG o.s.s.w.a.AnonymousAuthenticationFilter - Set SecurityContextHolder to anonymous SecurityContext
2025-07-31 22:01:03 [http-nio-8080-exec-5] DEBUG o.s.s.w.a.Http403ForbiddenEntryPoint - Pre-authenticated entry point called. Rejecting access
2025-07-31 22:01:03 [http-nio-8080-exec-5] DEBUG o.s.security.web.FilterChainProxy - Securing GET /error
2025-07-31 22:01:03 [http-nio-8080-exec-5] DEBUG o.s.s.w.a.AnonymousAuthenticationFilter - Set SecurityContextHolder to anonymous SecurityContext
2025-07-31 22:01:03 [http-nio-8080-exec-5] DEBUG o.s.s.w.a.Http403ForbiddenEntryPoint - Pre-authenticated entry point called. Rejecting access
2025-07-31 22:02:20 [http-nio-8080-exec-6] DEBUG o.s.security.web.FilterChainProxy - Securing OPTIONS /api/user-training-programs/user/15
2025-07-31 22:02:20 [http-nio-8080-exec-8] DEBUG o.s.security.web.FilterChainProxy - Securing GET /api/user-training-programs/user/15
2025-07-31 22:02:20 [http-nio-8080-exec-8] DEBUG o.s.s.w.a.AnonymousAuthenticationFilter - Set SecurityContextHolder to anonymous SecurityContext
2025-07-31 22:02:20 [http-nio-8080-exec-8] DEBUG o.s.s.w.a.Http403ForbiddenEntryPoint - Pre-authenticated entry point called. Rejecting access
2025-07-31 22:02:20 [http-nio-8080-exec-8] DEBUG o.s.security.web.FilterChainProxy - Securing GET /error
2025-07-31 22:02:20 [http-nio-8080-exec-8] DEBUG o.s.s.w.a.AnonymousAuthenticationFilter - Set SecurityContextHolder to anonymous SecurityContext
2025-07-31 22:02:20 [http-nio-8080-exec-8] DEBUG o.s.s.w.a.Http403ForbiddenEntryPoint - Pre-authenticated entry point called. Rejecting access
2025-07-31 22:03:12 [http-nio-8080-exec-9] DEBUG o.s.security.web.FilterChainProxy - Securing OPTIONS /api/user-training-programs/user/15
2025-07-31 22:03:12 [http-nio-8080-exec-10] DEBUG o.s.security.web.FilterChainProxy - Securing GET /api/user-training-programs/user/15
2025-07-31 22:03:12 [http-nio-8080-exec-10] DEBUG o.s.s.w.a.AnonymousAuthenticationFilter - Set SecurityContextHolder to anonymous SecurityContext
2025-07-31 22:03:12 [http-nio-8080-exec-10] DEBUG o.s.s.w.a.Http403ForbiddenEntryPoint - Pre-authenticated entry point called. Rejecting access
2025-07-31 22:03:12 [http-nio-8080-exec-10] DEBUG o.s.security.web.FilterChainProxy - Securing GET /error
2025-07-31 22:03:12 [http-nio-8080-exec-10] DEBUG o.s.s.w.a.AnonymousAuthenticationFilter - Set SecurityContextHolder to anonymous SecurityContext
2025-07-31 22:03:12 [http-nio-8080-exec-10] DEBUG o.s.s.w.a.Http403ForbiddenEntryPoint - Pre-authenticated entry point called. Rejecting access
2025-07-31 22:03:13 [http-nio-8080-exec-1] DEBUG o.s.security.web.FilterChainProxy - Securing GET /api/user-training-programs/user/15
2025-07-31 22:03:13 [http-nio-8080-exec-1] DEBUG o.s.s.w.a.AnonymousAuthenticationFilter - Set SecurityContextHolder to anonymous SecurityContext
2025-07-31 22:03:13 [http-nio-8080-exec-1] DEBUG o.s.s.w.a.Http403ForbiddenEntryPoint - Pre-authenticated entry point called. Rejecting access
2025-07-31 22:03:13 [http-nio-8080-exec-1] DEBUG o.s.security.web.FilterChainProxy - Securing GET /error
2025-07-31 22:03:13 [http-nio-8080-exec-1] DEBUG o.s.s.w.a.AnonymousAuthenticationFilter - Set SecurityContextHolder to anonymous SecurityContext
2025-07-31 22:03:13 [http-nio-8080-exec-1] DEBUG o.s.s.w.a.Http403ForbiddenEntryPoint - Pre-authenticated entry point called. Rejecting access
2025-07-31 22:03:22 [SpringApplicationShutdownHook] INFO  o.s.b.w.e.tomcat.GracefulShutdown - Commencing graceful shutdown. Waiting for active requests to complete
2025-07-31 22:03:22 [tomcat-shutdown] INFO  o.s.b.w.e.tomcat.GracefulShutdown - Graceful shutdown complete
2025-07-31 22:03:22 [SpringApplicationShutdownHook] INFO  o.s.o.j.LocalContainerEntityManagerFactoryBean - Closing JPA EntityManagerFactory for persistence unit 'default'
2025-07-31 22:03:22 [SpringApplicationShutdownHook] INFO  com.zaxxer.hikari.HikariDataSource - HikariPool-15 - Shutdown initiated...
2025-07-31 22:03:22 [SpringApplicationShutdownHook] INFO  com.zaxxer.hikari.HikariDataSource - HikariPool-15 - Shutdown completed.
2025-07-31 22:03:52 [restartedMain] INFO  c.e.muscul_ia.MusculIaApplication - Starting MusculIaApplication using Java 17.0.9 with PID 59816 (C:\Users\cornu\muscul_ia\back_muscul_ia\target\classes started by cornu in C:\Users\cornu\muscul_ia\back_muscul_ia)
2025-07-31 22:03:52 [restartedMain] DEBUG c.e.muscul_ia.MusculIaApplication - Running with Spring Boot v3.5.3, Spring v6.2.8
2025-07-31 22:03:52 [restartedMain] INFO  c.e.muscul_ia.MusculIaApplication - No active profile set, falling back to 1 default profile: "default"
2025-07-31 22:03:52 [restartedMain] INFO  o.s.b.d.e.DevToolsPropertyDefaultsPostProcessor - Devtools property defaults active! Set 'spring.devtools.add-properties' to 'false' to disable
2025-07-31 22:03:52 [restartedMain] INFO  o.s.b.d.e.DevToolsPropertyDefaultsPostProcessor - For additional web related logging consider setting the 'logging.level.web' property to 'DEBUG'
2025-07-31 22:03:53 [restartedMain] INFO  o.s.d.r.c.RepositoryConfigurationDelegate - Bootstrapping Spring Data JPA repositories in DEFAULT mode.
2025-07-31 22:03:53 [restartedMain] INFO  o.s.d.r.c.RepositoryConfigurationDelegate - Finished Spring Data repository scanning in 120 ms. Found 8 JPA repository interfaces.
2025-07-31 22:03:54 [restartedMain] INFO  o.s.b.w.e.tomcat.TomcatWebServer - Tomcat initialized with port 8080 (http)
2025-07-31 22:03:54 [restartedMain] INFO  o.a.catalina.core.StandardService - Starting service [Tomcat]
2025-07-31 22:03:54 [restartedMain] INFO  o.a.catalina.core.StandardEngine - Starting Servlet engine: [Apache Tomcat/10.1.42]
2025-07-31 22:03:54 [restartedMain] INFO  o.a.c.c.C.[Tomcat].[localhost].[/] - Initializing Spring embedded WebApplicationContext
2025-07-31 22:03:54 [restartedMain] INFO  o.s.b.w.s.c.ServletWebServerApplicationContext - Root WebApplicationContext: initialization completed in 1809 ms
2025-07-31 22:03:54 [restartedMain] INFO  o.h.jpa.internal.util.LogHelper - HHH000204: Processing PersistenceUnitInfo [name: default]
2025-07-31 22:03:54 [restartedMain] INFO  org.hibernate.Version - HHH000412: Hibernate ORM core version 6.6.18.Final
2025-07-31 22:03:54 [restartedMain] INFO  o.h.c.i.RegionFactoryInitiator - HHH000026: Second-level cache disabled
2025-07-31 22:03:55 [restartedMain] INFO  o.s.o.j.p.SpringPersistenceUnitInfo - No LoadTimeWeaver setup: ignoring JPA class transformer
2025-07-31 22:03:55 [restartedMain] INFO  com.zaxxer.hikari.HikariDataSource - HikariPool-1 - Starting...
2025-07-31 22:03:55 [restartedMain] INFO  com.zaxxer.hikari.pool.HikariPool - HikariPool-1 - Added connection com.mysql.cj.jdbc.ConnectionImpl@771bf684
2025-07-31 22:03:55 [restartedMain] INFO  com.zaxxer.hikari.HikariDataSource - HikariPool-1 - Start completed.
2025-07-31 22:03:55 [restartedMain] WARN  org.hibernate.orm.deprecation - HHH90000025: MySQLDialect does not need to be specified explicitly using 'hibernate.dialect' (remove the property setting and it will be selected by default)
2025-07-31 22:03:55 [restartedMain] INFO  o.hibernate.orm.connections.pooling - HHH10001005: Database info:
	Database JDBC URL [Connecting through datasource 'HikariDataSource (HikariPool-1)']
	Database driver: undefined/unknown
	Database version: 8.0.41
	Autocommit mode: undefined/unknown
	Isolation level: undefined/unknown
	Minimum pool size: undefined/unknown
	Maximum pool size: undefined/unknown
2025-07-31 22:03:56 [restartedMain] INFO  o.h.e.t.j.p.i.JtaPlatformInitiator - HHH000489: No JTA platform available (set 'hibernate.transaction.jta.platform' to enable JTA platform integration)
2025-07-31 22:03:56 [restartedMain] INFO  o.s.o.j.LocalContainerEntityManagerFactoryBean - Initialized JPA EntityManagerFactory for persistence unit 'default'
2025-07-31 22:03:57 [restartedMain] DEBUG c.e.m.config.JwtAuthenticationFilter - Filter 'jwtAuthenticationFilter' configured for use
2025-07-31 22:03:57 [restartedMain] INFO  o.s.d.j.r.query.QueryEnhancerFactory - Hibernate is in classpath; If applicable, HQL parser will be used.
2025-07-31 22:03:57 [restartedMain] WARN  o.s.b.a.o.j.JpaBaseConfiguration$JpaWebConfiguration - spring.jpa.open-in-view is enabled by default. Therefore, database queries may be performed during view rendering. Explicitly configure spring.jpa.open-in-view to disable this warning
2025-07-31 22:03:58 [restartedMain] INFO  o.s.b.a.e.web.EndpointLinksResolver - Exposing 4 endpoints beneath base path '/actuator'
2025-07-31 22:03:58 [restartedMain] INFO  o.s.s.c.a.a.c.InitializeUserDetailsBeanManagerConfigurer$InitializeUserDetailsManagerConfigurer - Global AuthenticationManager configured with UserDetailsService bean with name customUserDetailsService
2025-07-31 22:03:58 [restartedMain] DEBUG o.s.s.web.DefaultSecurityFilterChain - Will secure any request with filters: DisableEncodeUrlFilter, WebAsyncManagerIntegrationFilter, SecurityContextHolderFilter, HeaderWriterFilter, CorsFilter, LogoutFilter, JwtAuthenticationFilter, RequestCacheAwareFilter, SecurityContextHolderAwareRequestFilter, AnonymousAuthenticationFilter, SessionManagementFilter, ExceptionTranslationFilter, AuthorizationFilter
2025-07-31 22:03:58 [restartedMain] INFO  o.s.b.a.h.H2ConsoleAutoConfiguration - H2 console available at '/h2-console'. Database available at 'jdbc:mysql://localhost:3306/muscul_ia_db'
2025-07-31 22:03:58 [restartedMain] INFO  o.s.b.d.a.OptionalLiveReloadServer - LiveReload server is running on port 35729
2025-07-31 22:03:58 [restartedMain] INFO  o.s.b.w.e.tomcat.TomcatWebServer - Tomcat started on port 8080 (http) with context path '/'
2025-07-31 22:03:58 [restartedMain] INFO  c.e.muscul_ia.MusculIaApplication - Started MusculIaApplication in 6.439 seconds (process running for 6.793)
2025-07-31 22:04:43 [http-nio-8080-exec-1] INFO  o.a.c.c.C.[Tomcat].[localhost].[/] - Initializing Spring DispatcherServlet 'dispatcherServlet'
2025-07-31 22:04:43 [http-nio-8080-exec-1] INFO  o.s.web.servlet.DispatcherServlet - Initializing Servlet 'dispatcherServlet'
2025-07-31 22:04:43 [http-nio-8080-exec-1] INFO  o.s.web.servlet.DispatcherServlet - Completed initialization in 4 ms
2025-07-31 22:04:43 [http-nio-8080-exec-1] DEBUG o.s.security.web.FilterChainProxy - Securing OPTIONS /api/training-programs/public
2025-07-31 22:04:43 [http-nio-8080-exec-2] DEBUG o.s.security.web.FilterChainProxy - Securing GET /api/training-programs/public
2025-07-31 22:04:43 [http-nio-8080-exec-2] DEBUG o.s.s.w.a.AnonymousAuthenticationFilter - Set SecurityContextHolder to anonymous SecurityContext
2025-07-31 22:04:43 [http-nio-8080-exec-2] DEBUG o.s.s.w.a.Http403ForbiddenEntryPoint - Pre-authenticated entry point called. Rejecting access
2025-07-31 22:04:43 [http-nio-8080-exec-2] DEBUG o.s.security.web.FilterChainProxy - Securing GET /error
2025-07-31 22:04:43 [http-nio-8080-exec-2] DEBUG o.s.s.w.a.AnonymousAuthenticationFilter - Set SecurityContextHolder to anonymous SecurityContext
2025-07-31 22:04:43 [http-nio-8080-exec-2] DEBUG o.s.s.w.a.Http403ForbiddenEntryPoint - Pre-authenticated entry point called. Rejecting access
2025-07-31 22:04:44 [http-nio-8080-exec-3] DEBUG o.s.security.web.FilterChainProxy - Securing GET /api/training-programs/public
2025-07-31 22:04:44 [http-nio-8080-exec-3] DEBUG o.s.s.w.a.AnonymousAuthenticationFilter - Set SecurityContextHolder to anonymous SecurityContext
2025-07-31 22:04:44 [http-nio-8080-exec-3] DEBUG o.s.s.w.a.Http403ForbiddenEntryPoint - Pre-authenticated entry point called. Rejecting access
2025-07-31 22:04:44 [http-nio-8080-exec-3] DEBUG o.s.security.web.FilterChainProxy - Securing GET /error
2025-07-31 22:04:44 [http-nio-8080-exec-3] DEBUG o.s.s.w.a.AnonymousAuthenticationFilter - Set SecurityContextHolder to anonymous SecurityContext
2025-07-31 22:04:44 [http-nio-8080-exec-3] DEBUG o.s.s.w.a.Http403ForbiddenEntryPoint - Pre-authenticated entry point called. Rejecting access
2025-07-31 22:04:59 [http-nio-8080-exec-5] DEBUG o.s.security.web.FilterChainProxy - Securing OPTIONS /api/user-training-programs/user/15
2025-07-31 22:04:59 [http-nio-8080-exec-6] DEBUG o.s.security.web.FilterChainProxy - Securing GET /api/user-training-programs/user/15
2025-07-31 22:04:59 [http-nio-8080-exec-6] DEBUG o.s.s.w.a.AnonymousAuthenticationFilter - Set SecurityContextHolder to anonymous SecurityContext
2025-07-31 22:04:59 [http-nio-8080-exec-6] DEBUG o.s.s.w.a.Http403ForbiddenEntryPoint - Pre-authenticated entry point called. Rejecting access
2025-07-31 22:04:59 [http-nio-8080-exec-6] DEBUG o.s.security.web.FilterChainProxy - Securing GET /error
2025-07-31 22:04:59 [http-nio-8080-exec-6] DEBUG o.s.s.w.a.AnonymousAuthenticationFilter - Set SecurityContextHolder to anonymous SecurityContext
2025-07-31 22:04:59 [http-nio-8080-exec-6] DEBUG o.s.s.w.a.Http403ForbiddenEntryPoint - Pre-authenticated entry point called. Rejecting access
2025-07-31 22:05:01 [http-nio-8080-exec-7] DEBUG o.s.security.web.FilterChainProxy - Securing GET /api/user-training-programs/user/15
2025-07-31 22:05:01 [http-nio-8080-exec-7] DEBUG o.s.s.w.a.AnonymousAuthenticationFilter - Set SecurityContextHolder to anonymous SecurityContext
2025-07-31 22:05:01 [http-nio-8080-exec-7] DEBUG o.s.s.w.a.Http403ForbiddenEntryPoint - Pre-authenticated entry point called. Rejecting access
2025-07-31 22:05:01 [http-nio-8080-exec-7] DEBUG o.s.security.web.FilterChainProxy - Securing GET /error
2025-07-31 22:05:01 [http-nio-8080-exec-7] DEBUG o.s.s.w.a.AnonymousAuthenticationFilter - Set SecurityContextHolder to anonymous SecurityContext
2025-07-31 22:05:01 [http-nio-8080-exec-7] DEBUG o.s.s.w.a.Http403ForbiddenEntryPoint - Pre-authenticated entry point called. Rejecting access
2025-07-31 22:05:32 [http-nio-8080-exec-9] DEBUG o.s.security.web.FilterChainProxy - Securing OPTIONS /api/auth/login
2025-07-31 22:05:32 [http-nio-8080-exec-10] DEBUG o.s.security.web.FilterChainProxy - Securing POST /api/auth/login
2025-07-31 22:05:32 [http-nio-8080-exec-10] DEBUG o.s.s.w.a.AnonymousAuthenticationFilter - Set SecurityContextHolder to anonymous SecurityContext
2025-07-31 22:05:32 [http-nio-8080-exec-10] DEBUG o.s.security.web.FilterChainProxy - Secured POST /api/auth/login
2025-07-31 22:05:32 [http-nio-8080-exec-10] DEBUG org.hibernate.SQL - 
    select
        u1_0.id,
        u1_0.creation_date,
        u1_0.email,
        u1_0.password 
    from
        user u1_0 
    where
        u1_0.email=?
2025-07-31 22:05:32 [http-nio-8080-exec-10] DEBUG org.hibernate.SQL - 
    select
        up1_0.id,
        up1_0.age,
        up1_0.created_at,
        up1_0.date_of_birth,
        up1_0.first_name,
        up1_0.last_name,
        up1_0.phone_number,
        up1_0.updated_at,
        up1_0.user_id 
    from
        user_profile up1_0 
    where
        up1_0.user_id=?
2025-07-31 22:05:40 [http-nio-8080-exec-2] DEBUG o.s.security.web.FilterChainProxy - Securing OPTIONS /api/user-training-programs/user/15
2025-07-31 22:05:40 [http-nio-8080-exec-3] DEBUG o.s.security.web.FilterChainProxy - Securing GET /api/user-training-programs/user/15
2025-07-31 22:05:40 [http-nio-8080-exec-3] DEBUG org.hibernate.SQL - 
    select
        u1_0.id,
        u1_0.creation_date,
        u1_0.email,
        u1_0.password 
    from
        user u1_0 
    where
        u1_0.email=?
2025-07-31 22:05:40 [http-nio-8080-exec-3] DEBUG org.hibernate.SQL - 
    select
        up1_0.id,
        up1_0.age,
        up1_0.created_at,
        up1_0.date_of_birth,
        up1_0.first_name,
        up1_0.last_name,
        up1_0.phone_number,
        up1_0.updated_at,
        up1_0.user_id 
    from
        user_profile up1_0 
    where
        up1_0.user_id=?
2025-07-31 22:05:40 [http-nio-8080-exec-3] DEBUG o.s.security.web.FilterChainProxy - Secured GET /api/user-training-programs/user/15
2025-07-31 22:05:40 [http-nio-8080-exec-3] DEBUG org.hibernate.SQL - 
    select
        u1_0.id,
        u1_0.creation_date,
        u1_0.email,
        u1_0.password 
    from
        user u1_0 
    where
        u1_0.email=?
2025-07-31 22:05:40 [http-nio-8080-exec-3] DEBUG org.hibernate.SQL - 
    select
        up1_0.id,
        up1_0.age,
        up1_0.created_at,
        up1_0.date_of_birth,
        up1_0.first_name,
        up1_0.last_name,
        up1_0.phone_number,
        up1_0.updated_at,
        up1_0.user_id 
    from
        user_profile up1_0 
    where
        up1_0.user_id=?
2025-07-31 22:05:40 [http-nio-8080-exec-3] DEBUG org.hibernate.SQL - 
    select
        utp1_0.id,
        utp1_0.training_program_id,
        tp1_0.id,
        tp1_0.category,
        tp1_0.created_at,
        tp1_0.created_by_user_id,
        tp1_0.description,
        tp1_0.difficulty_level,
        tp1_0.duration_weeks,
        tp1_0.equipment_required,
        tp1_0.estimated_duration_minutes,
        tp1_0.image_url,
        tp1_0.is_active,
        tp1_0.is_public,
        tp1_0.name,
        tp1_0.sessions_per_week,
        tp1_0.target_audience,
        tp1_0.updated_at,
        utp1_0.user_id 
    from
        user_training_programs utp1_0 
    join
        training_programs tp1_0 
            on tp1_0.id=utp1_0.training_program_id 
    where
        utp1_0.user_id=?
2025-07-31 22:05:42 [http-nio-8080-exec-4] DEBUG o.s.security.web.FilterChainProxy - Securing OPTIONS /api/training-programs/public
2025-07-31 22:05:42 [http-nio-8080-exec-5] DEBUG o.s.security.web.FilterChainProxy - Securing GET /api/training-programs/public
2025-07-31 22:05:42 [http-nio-8080-exec-5] DEBUG org.hibernate.SQL - 
    select
        u1_0.id,
        u1_0.creation_date,
        u1_0.email,
        u1_0.password 
    from
        user u1_0 
    where
        u1_0.email=?
2025-07-31 22:05:42 [http-nio-8080-exec-5] DEBUG org.hibernate.SQL - 
    select
        up1_0.id,
        up1_0.age,
        up1_0.created_at,
        up1_0.date_of_birth,
        up1_0.first_name,
        up1_0.last_name,
        up1_0.phone_number,
        up1_0.updated_at,
        up1_0.user_id 
    from
        user_profile up1_0 
    where
        up1_0.user_id=?
2025-07-31 22:05:42 [http-nio-8080-exec-5] DEBUG o.s.security.web.FilterChainProxy - Secured GET /api/training-programs/public
2025-07-31 22:05:42 [http-nio-8080-exec-5] DEBUG org.hibernate.SQL - 
    select
        tp1_0.id,
        tp1_0.category,
        tp1_0.created_at,
        tp1_0.created_by_user_id,
        tp1_0.description,
        tp1_0.difficulty_level,
        tp1_0.duration_weeks,
        tp1_0.equipment_required,
        tp1_0.estimated_duration_minutes,
        tp1_0.image_url,
        tp1_0.is_active,
        tp1_0.is_public,
        tp1_0.name,
        tp1_0.sessions_per_week,
        tp1_0.target_audience,
        tp1_0.updated_at 
    from
        training_programs tp1_0 
    where
        tp1_0.is_public 
        and tp1_0.is_active
2025-07-31 22:06:52 [http-nio-8080-exec-7] DEBUG o.s.security.web.FilterChainProxy - Securing OPTIONS /api/user-training-programs/user/15
2025-07-31 22:06:52 [http-nio-8080-exec-8] DEBUG o.s.security.web.FilterChainProxy - Securing GET /api/user-training-programs/user/15
2025-07-31 22:06:52 [http-nio-8080-exec-8] DEBUG org.hibernate.SQL - 
    select
        u1_0.id,
        u1_0.creation_date,
        u1_0.email,
        u1_0.password 
    from
        user u1_0 
    where
        u1_0.email=?
2025-07-31 22:06:52 [http-nio-8080-exec-8] DEBUG org.hibernate.SQL - 
    select
        up1_0.id,
        up1_0.age,
        up1_0.created_at,
        up1_0.date_of_birth,
        up1_0.first_name,
        up1_0.last_name,
        up1_0.phone_number,
        up1_0.updated_at,
        up1_0.user_id 
    from
        user_profile up1_0 
    where
        up1_0.user_id=?
2025-07-31 22:06:52 [http-nio-8080-exec-8] DEBUG o.s.security.web.FilterChainProxy - Secured GET /api/user-training-programs/user/15
2025-07-31 22:06:52 [http-nio-8080-exec-8] DEBUG org.hibernate.SQL - 
    select
        u1_0.id,
        u1_0.creation_date,
        u1_0.email,
        u1_0.password 
    from
        user u1_0 
    where
        u1_0.email=?
2025-07-31 22:06:52 [http-nio-8080-exec-8] DEBUG org.hibernate.SQL - 
    select
        up1_0.id,
        up1_0.age,
        up1_0.created_at,
        up1_0.date_of_birth,
        up1_0.first_name,
        up1_0.last_name,
        up1_0.phone_number,
        up1_0.updated_at,
        up1_0.user_id 
    from
        user_profile up1_0 
    where
        up1_0.user_id=?
2025-07-31 22:06:52 [http-nio-8080-exec-8] DEBUG org.hibernate.SQL - 
    select
        utp1_0.id,
        utp1_0.training_program_id,
        tp1_0.id,
        tp1_0.category,
        tp1_0.created_at,
        tp1_0.created_by_user_id,
        tp1_0.description,
        tp1_0.difficulty_level,
        tp1_0.duration_weeks,
        tp1_0.equipment_required,
        tp1_0.estimated_duration_minutes,
        tp1_0.image_url,
        tp1_0.is_active,
        tp1_0.is_public,
        tp1_0.name,
        tp1_0.sessions_per_week,
        tp1_0.target_audience,
        tp1_0.updated_at,
        utp1_0.user_id 
    from
        user_training_programs utp1_0 
    join
        training_programs tp1_0 
            on tp1_0.id=utp1_0.training_program_id 
    where
        utp1_0.user_id=?
2025-07-31 22:11:12 [http-nio-8080-exec-10] DEBUG o.s.security.web.FilterChainProxy - Securing OPTIONS /api/auth/login
2025-07-31 22:11:12 [http-nio-8080-exec-1] DEBUG o.s.security.web.FilterChainProxy - Securing POST /api/auth/login
2025-07-31 22:11:12 [http-nio-8080-exec-1] DEBUG org.hibernate.SQL - 
    select
        u1_0.id,
        u1_0.creation_date,
        u1_0.email,
        u1_0.password 
    from
        user u1_0 
    where
        u1_0.email=?
2025-07-31 22:11:12 [http-nio-8080-exec-1] DEBUG org.hibernate.SQL - 
    select
        up1_0.id,
        up1_0.age,
        up1_0.created_at,
        up1_0.date_of_birth,
        up1_0.first_name,
        up1_0.last_name,
        up1_0.phone_number,
        up1_0.updated_at,
        up1_0.user_id 
    from
        user_profile up1_0 
    where
        up1_0.user_id=?
2025-07-31 22:11:12 [http-nio-8080-exec-1] DEBUG o.s.security.web.FilterChainProxy - Secured POST /api/auth/login
2025-07-31 22:11:12 [http-nio-8080-exec-1] DEBUG org.hibernate.SQL - 
    select
        u1_0.id,
        u1_0.creation_date,
        u1_0.email,
        u1_0.password 
    from
        user u1_0 
    where
        u1_0.email=?
2025-07-31 22:11:12 [http-nio-8080-exec-1] DEBUG org.hibernate.SQL - 
    select
        up1_0.id,
        up1_0.age,
        up1_0.created_at,
        up1_0.date_of_birth,
        up1_0.first_name,
        up1_0.last_name,
        up1_0.phone_number,
        up1_0.updated_at,
        up1_0.user_id 
    from
        user_profile up1_0 
    where
        up1_0.user_id=?
2025-07-31 22:11:31 [http-nio-8080-exec-2] DEBUG o.s.security.web.FilterChainProxy - Securing OPTIONS /api/training-programs/public
2025-07-31 22:11:31 [http-nio-8080-exec-3] DEBUG o.s.security.web.FilterChainProxy - Securing GET /api/training-programs/public
2025-07-31 22:11:31 [http-nio-8080-exec-3] DEBUG org.hibernate.SQL - 
    select
        u1_0.id,
        u1_0.creation_date,
        u1_0.email,
        u1_0.password 
    from
        user u1_0 
    where
        u1_0.email=?
2025-07-31 22:11:31 [http-nio-8080-exec-3] DEBUG org.hibernate.SQL - 
    select
        up1_0.id,
        up1_0.age,
        up1_0.created_at,
        up1_0.date_of_birth,
        up1_0.first_name,
        up1_0.last_name,
        up1_0.phone_number,
        up1_0.updated_at,
        up1_0.user_id 
    from
        user_profile up1_0 
    where
        up1_0.user_id=?
2025-07-31 22:11:31 [http-nio-8080-exec-3] DEBUG o.s.security.web.FilterChainProxy - Secured GET /api/training-programs/public
2025-07-31 22:11:31 [http-nio-8080-exec-3] DEBUG org.hibernate.SQL - 
    select
        tp1_0.id,
        tp1_0.category,
        tp1_0.created_at,
        tp1_0.created_by_user_id,
        tp1_0.description,
        tp1_0.difficulty_level,
        tp1_0.duration_weeks,
        tp1_0.equipment_required,
        tp1_0.estimated_duration_minutes,
        tp1_0.image_url,
        tp1_0.is_active,
        tp1_0.is_public,
        tp1_0.name,
        tp1_0.sessions_per_week,
        tp1_0.target_audience,
        tp1_0.updated_at 
    from
        training_programs tp1_0 
    where
        tp1_0.is_public 
        and tp1_0.is_active
2025-07-31 22:13:33 [http-nio-8080-exec-5] DEBUG o.s.security.web.FilterChainProxy - Securing OPTIONS /api/user-training-programs/user/15
2025-07-31 22:13:33 [http-nio-8080-exec-6] DEBUG o.s.security.web.FilterChainProxy - Securing GET /api/user-training-programs/user/15
2025-07-31 22:13:33 [http-nio-8080-exec-6] DEBUG org.hibernate.SQL - 
    select
        u1_0.id,
        u1_0.creation_date,
        u1_0.email,
        u1_0.password 
    from
        user u1_0 
    where
        u1_0.email=?
2025-07-31 22:13:33 [http-nio-8080-exec-6] DEBUG org.hibernate.SQL - 
    select
        up1_0.id,
        up1_0.age,
        up1_0.created_at,
        up1_0.date_of_birth,
        up1_0.first_name,
        up1_0.last_name,
        up1_0.phone_number,
        up1_0.updated_at,
        up1_0.user_id 
    from
        user_profile up1_0 
    where
        up1_0.user_id=?
2025-07-31 22:13:33 [http-nio-8080-exec-6] DEBUG o.s.security.web.FilterChainProxy - Secured GET /api/user-training-programs/user/15
2025-07-31 22:13:33 [http-nio-8080-exec-6] DEBUG org.hibernate.SQL - 
    select
        u1_0.id,
        u1_0.creation_date,
        u1_0.email,
        u1_0.password 
    from
        user u1_0 
    where
        u1_0.email=?
2025-07-31 22:13:33 [http-nio-8080-exec-6] DEBUG org.hibernate.SQL - 
    select
        up1_0.id,
        up1_0.age,
        up1_0.created_at,
        up1_0.date_of_birth,
        up1_0.first_name,
        up1_0.last_name,
        up1_0.phone_number,
        up1_0.updated_at,
        up1_0.user_id 
    from
        user_profile up1_0 
    where
        up1_0.user_id=?
2025-07-31 22:13:33 [http-nio-8080-exec-6] DEBUG org.hibernate.SQL - 
    select
        utp1_0.id,
        utp1_0.training_program_id,
        tp1_0.id,
        tp1_0.category,
        tp1_0.created_at,
        tp1_0.created_by_user_id,
        tp1_0.description,
        tp1_0.difficulty_level,
        tp1_0.duration_weeks,
        tp1_0.equipment_required,
        tp1_0.estimated_duration_minutes,
        tp1_0.image_url,
        tp1_0.is_active,
        tp1_0.is_public,
        tp1_0.name,
        tp1_0.sessions_per_week,
        tp1_0.target_audience,
        tp1_0.updated_at,
        utp1_0.user_id 
    from
        user_training_programs utp1_0 
    join
        training_programs tp1_0 
            on tp1_0.id=utp1_0.training_program_id 
    where
        utp1_0.user_id=?
2025-07-31 22:15:31 [http-nio-8080-exec-8] DEBUG o.s.security.web.FilterChainProxy - Securing OPTIONS /api/auth/login
2025-07-31 22:15:31 [http-nio-8080-exec-9] DEBUG o.s.security.web.FilterChainProxy - Securing POST /api/auth/login
2025-07-31 22:15:31 [http-nio-8080-exec-9] DEBUG org.hibernate.SQL - 
    select
        u1_0.id,
        u1_0.creation_date,
        u1_0.email,
        u1_0.password 
    from
        user u1_0 
    where
        u1_0.email=?
2025-07-31 22:15:31 [http-nio-8080-exec-9] DEBUG org.hibernate.SQL - 
    select
        up1_0.id,
        up1_0.age,
        up1_0.created_at,
        up1_0.date_of_birth,
        up1_0.first_name,
        up1_0.last_name,
        up1_0.phone_number,
        up1_0.updated_at,
        up1_0.user_id 
    from
        user_profile up1_0 
    where
        up1_0.user_id=?
2025-07-31 22:15:31 [http-nio-8080-exec-9] DEBUG o.s.security.web.FilterChainProxy - Secured POST /api/auth/login
2025-07-31 22:15:31 [http-nio-8080-exec-9] DEBUG org.hibernate.SQL - 
    select
        u1_0.id,
        u1_0.creation_date,
        u1_0.email,
        u1_0.password 
    from
        user u1_0 
    where
        u1_0.email=?
2025-07-31 22:15:31 [http-nio-8080-exec-9] DEBUG org.hibernate.SQL - 
    select
        up1_0.id,
        up1_0.age,
        up1_0.created_at,
        up1_0.date_of_birth,
        up1_0.first_name,
        up1_0.last_name,
        up1_0.phone_number,
        up1_0.updated_at,
        up1_0.user_id 
    from
        user_profile up1_0 
    where
        up1_0.user_id=?
2025-07-31 22:15:34 [http-nio-8080-exec-10] DEBUG o.s.security.web.FilterChainProxy - Securing OPTIONS /api/user-training-programs/user/15
2025-07-31 22:15:34 [http-nio-8080-exec-1] DEBUG o.s.security.web.FilterChainProxy - Securing GET /api/user-training-programs/user/15
2025-07-31 22:15:34 [http-nio-8080-exec-1] DEBUG org.hibernate.SQL - 
    select
        u1_0.id,
        u1_0.creation_date,
        u1_0.email,
        u1_0.password 
    from
        user u1_0 
    where
        u1_0.email=?
2025-07-31 22:15:34 [http-nio-8080-exec-1] DEBUG org.hibernate.SQL - 
    select
        up1_0.id,
        up1_0.age,
        up1_0.created_at,
        up1_0.date_of_birth,
        up1_0.first_name,
        up1_0.last_name,
        up1_0.phone_number,
        up1_0.updated_at,
        up1_0.user_id 
    from
        user_profile up1_0 
    where
        up1_0.user_id=?
2025-07-31 22:15:34 [http-nio-8080-exec-1] DEBUG o.s.security.web.FilterChainProxy - Secured GET /api/user-training-programs/user/15
2025-07-31 22:15:34 [http-nio-8080-exec-1] DEBUG org.hibernate.SQL - 
    select
        u1_0.id,
        u1_0.creation_date,
        u1_0.email,
        u1_0.password 
    from
        user u1_0 
    where
        u1_0.email=?
2025-07-31 22:15:34 [http-nio-8080-exec-1] DEBUG org.hibernate.SQL - 
    select
        up1_0.id,
        up1_0.age,
        up1_0.created_at,
        up1_0.date_of_birth,
        up1_0.first_name,
        up1_0.last_name,
        up1_0.phone_number,
        up1_0.updated_at,
        up1_0.user_id 
    from
        user_profile up1_0 
    where
        up1_0.user_id=?
2025-07-31 22:15:34 [http-nio-8080-exec-1] DEBUG org.hibernate.SQL - 
    select
        utp1_0.id,
        utp1_0.training_program_id,
        tp1_0.id,
        tp1_0.category,
        tp1_0.created_at,
        tp1_0.created_by_user_id,
        tp1_0.description,
        tp1_0.difficulty_level,
        tp1_0.duration_weeks,
        tp1_0.equipment_required,
        tp1_0.estimated_duration_minutes,
        tp1_0.image_url,
        tp1_0.is_active,
        tp1_0.is_public,
        tp1_0.name,
        tp1_0.sessions_per_week,
        tp1_0.target_audience,
        tp1_0.updated_at,
        utp1_0.user_id 
    from
        user_training_programs utp1_0 
    join
        training_programs tp1_0 
            on tp1_0.id=utp1_0.training_program_id 
    where
        utp1_0.user_id=?
2025-07-31 22:16:00 [http-nio-8080-exec-2] DEBUG o.s.security.web.FilterChainProxy - Securing OPTIONS /api/training-programs/60
2025-07-31 22:16:00 [http-nio-8080-exec-3] DEBUG o.s.security.web.FilterChainProxy - Securing GET /api/training-programs/60
2025-07-31 22:16:00 [http-nio-8080-exec-3] DEBUG org.hibernate.SQL - 
    select
        u1_0.id,
        u1_0.creation_date,
        u1_0.email,
        u1_0.password 
    from
        user u1_0 
    where
        u1_0.email=?
2025-07-31 22:16:00 [http-nio-8080-exec-3] DEBUG org.hibernate.SQL - 
    select
        up1_0.id,
        up1_0.age,
        up1_0.created_at,
        up1_0.date_of_birth,
        up1_0.first_name,
        up1_0.last_name,
        up1_0.phone_number,
        up1_0.updated_at,
        up1_0.user_id 
    from
        user_profile up1_0 
    where
        up1_0.user_id=?
2025-07-31 22:16:00 [http-nio-8080-exec-3] DEBUG o.s.security.web.FilterChainProxy - Secured GET /api/training-programs/60
2025-07-31 22:16:00 [http-nio-8080-exec-3] DEBUG org.hibernate.SQL - 
    select
        tp1_0.id,
        tp1_0.category,
        tp1_0.created_at,
        tp1_0.created_by_user_id,
        tp1_0.description,
        tp1_0.difficulty_level,
        tp1_0.duration_weeks,
        tp1_0.equipment_required,
        tp1_0.estimated_duration_minutes,
        tp1_0.image_url,
        tp1_0.is_active,
        tp1_0.is_public,
        tp1_0.name,
        tp1_0.sessions_per_week,
        tp1_0.target_audience,
        tp1_0.updated_at 
    from
        training_programs tp1_0 
    where
        tp1_0.id=?
2025-07-31 22:16:00 [http-nio-8080-exec-4] DEBUG o.s.security.web.FilterChainProxy - Securing OPTIONS /api/program-exercises/program/60
2025-07-31 22:16:00 [http-nio-8080-exec-5] DEBUG o.s.security.web.FilterChainProxy - Securing GET /api/program-exercises/program/60
2025-07-31 22:16:00 [http-nio-8080-exec-5] DEBUG org.hibernate.SQL - 
    select
        u1_0.id,
        u1_0.creation_date,
        u1_0.email,
        u1_0.password 
    from
        user u1_0 
    where
        u1_0.email=?
2025-07-31 22:16:00 [http-nio-8080-exec-5] DEBUG org.hibernate.SQL - 
    select
        up1_0.id,
        up1_0.age,
        up1_0.created_at,
        up1_0.date_of_birth,
        up1_0.first_name,
        up1_0.last_name,
        up1_0.phone_number,
        up1_0.updated_at,
        up1_0.user_id 
    from
        user_profile up1_0 
    where
        up1_0.user_id=?
2025-07-31 22:16:00 [http-nio-8080-exec-5] DEBUG o.s.security.web.FilterChainProxy - Secured GET /api/program-exercises/program/60
2025-07-31 22:16:00 [http-nio-8080-exec-5] DEBUG org.hibernate.SQL - 
    select
        pe1_0.id,
        pe1_0.created_at,
        pe1_0.distance_meters,
        pe1_0.duration_seconds,
        pe1_0.exercise_id,
        e1_0.id,
        e1_0.category,
        e1_0.created_at,
        e1_0.description,
        e1_0.difficulty_level,
        e1_0.equipment_needed,
        e1_0.image_url,
        e1_0.is_active,
        e1_0.muscle_group,
        e1_0.name,
        e1_0.updated_at,
        e1_0.video_url,
        pe1_0.is_optional,
        pe1_0.notes,
        pe1_0.order_in_program,
        pe1_0.reps_count,
        pe1_0.rest_duration_seconds,
        pe1_0.sets_count,
        pe1_0.training_program_id,
        pe1_0.updated_at,
        pe1_0.weight_kg 
    from
        program_exercises pe1_0 
    join
        exercises e1_0 
            on e1_0.id=pe1_0.exercise_id 
    where
        pe1_0.training_program_id=? 
    order by
        pe1_0.order_in_program
2025-07-31 22:16:46 [http-nio-8080-exec-6] DEBUG o.s.security.web.FilterChainProxy - Securing OPTIONS /api/user-training-programs/user/15
2025-07-31 22:16:46 [http-nio-8080-exec-7] DEBUG o.s.security.web.FilterChainProxy - Securing GET /api/user-training-programs/user/15
2025-07-31 22:16:46 [http-nio-8080-exec-7] DEBUG org.hibernate.SQL - 
    select
        u1_0.id,
        u1_0.creation_date,
        u1_0.email,
        u1_0.password 
    from
        user u1_0 
    where
        u1_0.email=?
2025-07-31 22:16:46 [http-nio-8080-exec-7] DEBUG org.hibernate.SQL - 
    select
        up1_0.id,
        up1_0.age,
        up1_0.created_at,
        up1_0.date_of_birth,
        up1_0.first_name,
        up1_0.last_name,
        up1_0.phone_number,
        up1_0.updated_at,
        up1_0.user_id 
    from
        user_profile up1_0 
    where
        up1_0.user_id=?
2025-07-31 22:16:46 [http-nio-8080-exec-7] DEBUG o.s.security.web.FilterChainProxy - Secured GET /api/user-training-programs/user/15
2025-07-31 22:16:46 [http-nio-8080-exec-7] DEBUG org.hibernate.SQL - 
    select
        u1_0.id,
        u1_0.creation_date,
        u1_0.email,
        u1_0.password 
    from
        user u1_0 
    where
        u1_0.email=?
2025-07-31 22:16:46 [http-nio-8080-exec-7] DEBUG org.hibernate.SQL - 
    select
        up1_0.id,
        up1_0.age,
        up1_0.created_at,
        up1_0.date_of_birth,
        up1_0.first_name,
        up1_0.last_name,
        up1_0.phone_number,
        up1_0.updated_at,
        up1_0.user_id 
    from
        user_profile up1_0 
    where
        up1_0.user_id=?
2025-07-31 22:16:46 [http-nio-8080-exec-7] DEBUG org.hibernate.SQL - 
    select
        utp1_0.id,
        utp1_0.training_program_id,
        tp1_0.id,
        tp1_0.category,
        tp1_0.created_at,
        tp1_0.created_by_user_id,
        tp1_0.description,
        tp1_0.difficulty_level,
        tp1_0.duration_weeks,
        tp1_0.equipment_required,
        tp1_0.estimated_duration_minutes,
        tp1_0.image_url,
        tp1_0.is_active,
        tp1_0.is_public,
        tp1_0.name,
        tp1_0.sessions_per_week,
        tp1_0.target_audience,
        tp1_0.updated_at,
        utp1_0.user_id 
    from
        user_training_programs utp1_0 
    join
        training_programs tp1_0 
            on tp1_0.id=utp1_0.training_program_id 
    where
        utp1_0.user_id=?
2025-07-31 22:16:49 [http-nio-8080-exec-8] DEBUG o.s.security.web.FilterChainProxy - Securing OPTIONS /api/training-programs/2
2025-07-31 22:16:49 [http-nio-8080-exec-9] DEBUG o.s.security.web.FilterChainProxy - Securing GET /api/training-programs/2
2025-07-31 22:16:49 [http-nio-8080-exec-9] DEBUG org.hibernate.SQL - 
    select
        u1_0.id,
        u1_0.creation_date,
        u1_0.email,
        u1_0.password 
    from
        user u1_0 
    where
        u1_0.email=?
2025-07-31 22:16:49 [http-nio-8080-exec-9] DEBUG org.hibernate.SQL - 
    select
        up1_0.id,
        up1_0.age,
        up1_0.created_at,
        up1_0.date_of_birth,
        up1_0.first_name,
        up1_0.last_name,
        up1_0.phone_number,
        up1_0.updated_at,
        up1_0.user_id 
    from
        user_profile up1_0 
    where
        up1_0.user_id=?
2025-07-31 22:16:49 [http-nio-8080-exec-9] DEBUG o.s.security.web.FilterChainProxy - Secured GET /api/training-programs/2
2025-07-31 22:16:49 [http-nio-8080-exec-9] DEBUG org.hibernate.SQL - 
    select
        tp1_0.id,
        tp1_0.category,
        tp1_0.created_at,
        tp1_0.created_by_user_id,
        tp1_0.description,
        tp1_0.difficulty_level,
        tp1_0.duration_weeks,
        tp1_0.equipment_required,
        tp1_0.estimated_duration_minutes,
        tp1_0.image_url,
        tp1_0.is_active,
        tp1_0.is_public,
        tp1_0.name,
        tp1_0.sessions_per_week,
        tp1_0.target_audience,
        tp1_0.updated_at 
    from
        training_programs tp1_0 
    where
        tp1_0.id=?
2025-07-31 22:16:49 [http-nio-8080-exec-10] DEBUG o.s.security.web.FilterChainProxy - Securing OPTIONS /api/program-exercises/program/2
2025-07-31 22:16:49 [http-nio-8080-exec-1] DEBUG o.s.security.web.FilterChainProxy - Securing GET /api/program-exercises/program/2
2025-07-31 22:16:49 [http-nio-8080-exec-1] DEBUG org.hibernate.SQL - 
    select
        u1_0.id,
        u1_0.creation_date,
        u1_0.email,
        u1_0.password 
    from
        user u1_0 
    where
        u1_0.email=?
2025-07-31 22:16:49 [http-nio-8080-exec-1] DEBUG org.hibernate.SQL - 
    select
        up1_0.id,
        up1_0.age,
        up1_0.created_at,
        up1_0.date_of_birth,
        up1_0.first_name,
        up1_0.last_name,
        up1_0.phone_number,
        up1_0.updated_at,
        up1_0.user_id 
    from
        user_profile up1_0 
    where
        up1_0.user_id=?
2025-07-31 22:16:49 [http-nio-8080-exec-1] DEBUG o.s.security.web.FilterChainProxy - Secured GET /api/program-exercises/program/2
2025-07-31 22:16:49 [http-nio-8080-exec-1] DEBUG org.hibernate.SQL - 
    select
        pe1_0.id,
        pe1_0.created_at,
        pe1_0.distance_meters,
        pe1_0.duration_seconds,
        pe1_0.exercise_id,
        e1_0.id,
        e1_0.category,
        e1_0.created_at,
        e1_0.description,
        e1_0.difficulty_level,
        e1_0.equipment_needed,
        e1_0.image_url,
        e1_0.is_active,
        e1_0.muscle_group,
        e1_0.name,
        e1_0.updated_at,
        e1_0.video_url,
        pe1_0.is_optional,
        pe1_0.notes,
        pe1_0.order_in_program,
        pe1_0.reps_count,
        pe1_0.rest_duration_seconds,
        pe1_0.sets_count,
        pe1_0.training_program_id,
        pe1_0.updated_at,
        pe1_0.weight_kg 
    from
        program_exercises pe1_0 
    join
        exercises e1_0 
            on e1_0.id=pe1_0.exercise_id 
    where
        pe1_0.training_program_id=? 
    order by
        pe1_0.order_in_program
2025-07-31 22:16:52 [http-nio-8080-exec-2] DEBUG o.s.security.web.FilterChainProxy - Securing OPTIONS /api/user-training-programs/user/15
2025-07-31 22:16:52 [http-nio-8080-exec-3] DEBUG o.s.security.web.FilterChainProxy - Securing GET /api/user-training-programs/user/15
2025-07-31 22:16:52 [http-nio-8080-exec-3] DEBUG org.hibernate.SQL - 
    select
        u1_0.id,
        u1_0.creation_date,
        u1_0.email,
        u1_0.password 
    from
        user u1_0 
    where
        u1_0.email=?
2025-07-31 22:16:52 [http-nio-8080-exec-3] DEBUG org.hibernate.SQL - 
    select
        up1_0.id,
        up1_0.age,
        up1_0.created_at,
        up1_0.date_of_birth,
        up1_0.first_name,
        up1_0.last_name,
        up1_0.phone_number,
        up1_0.updated_at,
        up1_0.user_id 
    from
        user_profile up1_0 
    where
        up1_0.user_id=?
2025-07-31 22:16:52 [http-nio-8080-exec-3] DEBUG o.s.security.web.FilterChainProxy - Secured GET /api/user-training-programs/user/15
2025-07-31 22:16:52 [http-nio-8080-exec-3] DEBUG org.hibernate.SQL - 
    select
        u1_0.id,
        u1_0.creation_date,
        u1_0.email,
        u1_0.password 
    from
        user u1_0 
    where
        u1_0.email=?
2025-07-31 22:16:52 [http-nio-8080-exec-3] DEBUG org.hibernate.SQL - 
    select
        up1_0.id,
        up1_0.age,
        up1_0.created_at,
        up1_0.date_of_birth,
        up1_0.first_name,
        up1_0.last_name,
        up1_0.phone_number,
        up1_0.updated_at,
        up1_0.user_id 
    from
        user_profile up1_0 
    where
        up1_0.user_id=?
2025-07-31 22:16:52 [http-nio-8080-exec-3] DEBUG org.hibernate.SQL - 
    select
        utp1_0.id,
        utp1_0.training_program_id,
        tp1_0.id,
        tp1_0.category,
        tp1_0.created_at,
        tp1_0.created_by_user_id,
        tp1_0.description,
        tp1_0.difficulty_level,
        tp1_0.duration_weeks,
        tp1_0.equipment_required,
        tp1_0.estimated_duration_minutes,
        tp1_0.image_url,
        tp1_0.is_active,
        tp1_0.is_public,
        tp1_0.name,
        tp1_0.sessions_per_week,
        tp1_0.target_audience,
        tp1_0.updated_at,
        utp1_0.user_id 
    from
        user_training_programs utp1_0 
    join
        training_programs tp1_0 
            on tp1_0.id=utp1_0.training_program_id 
    where
        utp1_0.user_id=?
2025-07-31 22:16:55 [http-nio-8080-exec-4] DEBUG o.s.security.web.FilterChainProxy - Securing OPTIONS /api/training-programs/60
2025-07-31 22:16:55 [http-nio-8080-exec-5] DEBUG o.s.security.web.FilterChainProxy - Securing GET /api/training-programs/60
2025-07-31 22:16:55 [http-nio-8080-exec-5] DEBUG org.hibernate.SQL - 
    select
        u1_0.id,
        u1_0.creation_date,
        u1_0.email,
        u1_0.password 
    from
        user u1_0 
    where
        u1_0.email=?
2025-07-31 22:16:55 [http-nio-8080-exec-5] DEBUG org.hibernate.SQL - 
    select
        up1_0.id,
        up1_0.age,
        up1_0.created_at,
        up1_0.date_of_birth,
        up1_0.first_name,
        up1_0.last_name,
        up1_0.phone_number,
        up1_0.updated_at,
        up1_0.user_id 
    from
        user_profile up1_0 
    where
        up1_0.user_id=?
2025-07-31 22:16:55 [http-nio-8080-exec-5] DEBUG o.s.security.web.FilterChainProxy - Secured GET /api/training-programs/60
2025-07-31 22:16:55 [http-nio-8080-exec-5] DEBUG org.hibernate.SQL - 
    select
        tp1_0.id,
        tp1_0.category,
        tp1_0.created_at,
        tp1_0.created_by_user_id,
        tp1_0.description,
        tp1_0.difficulty_level,
        tp1_0.duration_weeks,
        tp1_0.equipment_required,
        tp1_0.estimated_duration_minutes,
        tp1_0.image_url,
        tp1_0.is_active,
        tp1_0.is_public,
        tp1_0.name,
        tp1_0.sessions_per_week,
        tp1_0.target_audience,
        tp1_0.updated_at 
    from
        training_programs tp1_0 
    where
        tp1_0.id=?
2025-07-31 22:16:55 [http-nio-8080-exec-6] DEBUG o.s.security.web.FilterChainProxy - Securing OPTIONS /api/program-exercises/program/60
2025-07-31 22:16:55 [http-nio-8080-exec-7] DEBUG o.s.security.web.FilterChainProxy - Securing GET /api/program-exercises/program/60
2025-07-31 22:16:55 [http-nio-8080-exec-7] DEBUG org.hibernate.SQL - 
    select
        u1_0.id,
        u1_0.creation_date,
        u1_0.email,
        u1_0.password 
    from
        user u1_0 
    where
        u1_0.email=?
2025-07-31 22:16:55 [http-nio-8080-exec-7] DEBUG org.hibernate.SQL - 
    select
        up1_0.id,
        up1_0.age,
        up1_0.created_at,
        up1_0.date_of_birth,
        up1_0.first_name,
        up1_0.last_name,
        up1_0.phone_number,
        up1_0.updated_at,
        up1_0.user_id 
    from
        user_profile up1_0 
    where
        up1_0.user_id=?
2025-07-31 22:16:55 [http-nio-8080-exec-7] DEBUG o.s.security.web.FilterChainProxy - Secured GET /api/program-exercises/program/60
2025-07-31 22:16:55 [http-nio-8080-exec-7] DEBUG org.hibernate.SQL - 
    select
        pe1_0.id,
        pe1_0.created_at,
        pe1_0.distance_meters,
        pe1_0.duration_seconds,
        pe1_0.exercise_id,
        e1_0.id,
        e1_0.category,
        e1_0.created_at,
        e1_0.description,
        e1_0.difficulty_level,
        e1_0.equipment_needed,
        e1_0.image_url,
        e1_0.is_active,
        e1_0.muscle_group,
        e1_0.name,
        e1_0.updated_at,
        e1_0.video_url,
        pe1_0.is_optional,
        pe1_0.notes,
        pe1_0.order_in_program,
        pe1_0.reps_count,
        pe1_0.rest_duration_seconds,
        pe1_0.sets_count,
        pe1_0.training_program_id,
        pe1_0.updated_at,
        pe1_0.weight_kg 
    from
        program_exercises pe1_0 
    join
        exercises e1_0 
            on e1_0.id=pe1_0.exercise_id 
    where
        pe1_0.training_program_id=? 
    order by
        pe1_0.order_in_program
2025-07-31 22:37:07 [http-nio-8080-exec-9] DEBUG o.s.security.web.FilterChainProxy - Securing OPTIONS /api/training-programs/60
2025-07-31 22:37:07 [http-nio-8080-exec-10] DEBUG o.s.security.web.FilterChainProxy - Securing GET /api/training-programs/60
2025-07-31 22:37:07 [http-nio-8080-exec-10] DEBUG org.hibernate.SQL - 
    select
        u1_0.id,
        u1_0.creation_date,
        u1_0.email,
        u1_0.password 
    from
        user u1_0 
    where
        u1_0.email=?
2025-07-31 22:37:07 [http-nio-8080-exec-10] DEBUG org.hibernate.SQL - 
    select
        up1_0.id,
        up1_0.age,
        up1_0.created_at,
        up1_0.date_of_birth,
        up1_0.first_name,
        up1_0.last_name,
        up1_0.phone_number,
        up1_0.updated_at,
        up1_0.user_id 
    from
        user_profile up1_0 
    where
        up1_0.user_id=?
2025-07-31 22:37:07 [http-nio-8080-exec-10] DEBUG o.s.security.web.FilterChainProxy - Secured GET /api/training-programs/60
2025-07-31 22:37:07 [http-nio-8080-exec-10] DEBUG org.hibernate.SQL - 
    select
        tp1_0.id,
        tp1_0.category,
        tp1_0.created_at,
        tp1_0.created_by_user_id,
        tp1_0.description,
        tp1_0.difficulty_level,
        tp1_0.duration_weeks,
        tp1_0.equipment_required,
        tp1_0.estimated_duration_minutes,
        tp1_0.image_url,
        tp1_0.is_active,
        tp1_0.is_public,
        tp1_0.name,
        tp1_0.sessions_per_week,
        tp1_0.target_audience,
        tp1_0.updated_at 
    from
        training_programs tp1_0 
    where
        tp1_0.id=?
2025-07-31 22:37:07 [http-nio-8080-exec-1] DEBUG o.s.security.web.FilterChainProxy - Securing OPTIONS /api/program-exercises/program/60
2025-07-31 22:37:07 [http-nio-8080-exec-2] DEBUG o.s.security.web.FilterChainProxy - Securing GET /api/program-exercises/program/60
2025-07-31 22:37:07 [http-nio-8080-exec-2] DEBUG org.hibernate.SQL - 
    select
        u1_0.id,
        u1_0.creation_date,
        u1_0.email,
        u1_0.password 
    from
        user u1_0 
    where
        u1_0.email=?
2025-07-31 22:37:07 [http-nio-8080-exec-2] DEBUG org.hibernate.SQL - 
    select
        up1_0.id,
        up1_0.age,
        up1_0.created_at,
        up1_0.date_of_birth,
        up1_0.first_name,
        up1_0.last_name,
        up1_0.phone_number,
        up1_0.updated_at,
        up1_0.user_id 
    from
        user_profile up1_0 
    where
        up1_0.user_id=?
2025-07-31 22:37:07 [http-nio-8080-exec-2] DEBUG o.s.security.web.FilterChainProxy - Secured GET /api/program-exercises/program/60
2025-07-31 22:37:07 [http-nio-8080-exec-2] DEBUG org.hibernate.SQL - 
    select
        pe1_0.id,
        pe1_0.created_at,
        pe1_0.distance_meters,
        pe1_0.duration_seconds,
        pe1_0.exercise_id,
        e1_0.id,
        e1_0.category,
        e1_0.created_at,
        e1_0.description,
        e1_0.difficulty_level,
        e1_0.equipment_needed,
        e1_0.image_url,
        e1_0.is_active,
        e1_0.muscle_group,
        e1_0.name,
        e1_0.updated_at,
        e1_0.video_url,
        pe1_0.is_optional,
        pe1_0.notes,
        pe1_0.order_in_program,
        pe1_0.reps_count,
        pe1_0.rest_duration_seconds,
        pe1_0.sets_count,
        pe1_0.training_program_id,
        pe1_0.updated_at,
        pe1_0.weight_kg 
    from
        program_exercises pe1_0 
    join
        exercises e1_0 
            on e1_0.id=pe1_0.exercise_id 
    where
        pe1_0.training_program_id=? 
    order by
        pe1_0.order_in_program
2025-07-31 22:38:18 [http-nio-8080-exec-4] DEBUG o.s.security.web.FilterChainProxy - Securing OPTIONS /api/training-programs/60
2025-07-31 22:38:18 [http-nio-8080-exec-5] DEBUG o.s.security.web.FilterChainProxy - Securing GET /api/training-programs/60
2025-07-31 22:38:18 [http-nio-8080-exec-5] DEBUG org.hibernate.SQL - 
    select
        u1_0.id,
        u1_0.creation_date,
        u1_0.email,
        u1_0.password 
    from
        user u1_0 
    where
        u1_0.email=?
2025-07-31 22:38:18 [http-nio-8080-exec-5] DEBUG org.hibernate.SQL - 
    select
        up1_0.id,
        up1_0.age,
        up1_0.created_at,
        up1_0.date_of_birth,
        up1_0.first_name,
        up1_0.last_name,
        up1_0.phone_number,
        up1_0.updated_at,
        up1_0.user_id 
    from
        user_profile up1_0 
    where
        up1_0.user_id=?
2025-07-31 22:38:18 [http-nio-8080-exec-5] DEBUG o.s.security.web.FilterChainProxy - Secured GET /api/training-programs/60
2025-07-31 22:38:18 [http-nio-8080-exec-5] DEBUG org.hibernate.SQL - 
    select
        tp1_0.id,
        tp1_0.category,
        tp1_0.created_at,
        tp1_0.created_by_user_id,
        tp1_0.description,
        tp1_0.difficulty_level,
        tp1_0.duration_weeks,
        tp1_0.equipment_required,
        tp1_0.estimated_duration_minutes,
        tp1_0.image_url,
        tp1_0.is_active,
        tp1_0.is_public,
        tp1_0.name,
        tp1_0.sessions_per_week,
        tp1_0.target_audience,
        tp1_0.updated_at 
    from
        training_programs tp1_0 
    where
        tp1_0.id=?
2025-07-31 22:38:18 [http-nio-8080-exec-6] DEBUG o.s.security.web.FilterChainProxy - Securing OPTIONS /api/program-exercises/program/60
2025-07-31 22:38:18 [http-nio-8080-exec-7] DEBUG o.s.security.web.FilterChainProxy - Securing GET /api/program-exercises/program/60
2025-07-31 22:38:18 [http-nio-8080-exec-7] DEBUG org.hibernate.SQL - 
    select
        u1_0.id,
        u1_0.creation_date,
        u1_0.email,
        u1_0.password 
    from
        user u1_0 
    where
        u1_0.email=?
2025-07-31 22:38:18 [http-nio-8080-exec-7] DEBUG org.hibernate.SQL - 
    select
        up1_0.id,
        up1_0.age,
        up1_0.created_at,
        up1_0.date_of_birth,
        up1_0.first_name,
        up1_0.last_name,
        up1_0.phone_number,
        up1_0.updated_at,
        up1_0.user_id 
    from
        user_profile up1_0 
    where
        up1_0.user_id=?
2025-07-31 22:38:18 [http-nio-8080-exec-7] DEBUG o.s.security.web.FilterChainProxy - Secured GET /api/program-exercises/program/60
2025-07-31 22:38:18 [http-nio-8080-exec-7] DEBUG org.hibernate.SQL - 
    select
        pe1_0.id,
        pe1_0.created_at,
        pe1_0.distance_meters,
        pe1_0.duration_seconds,
        pe1_0.exercise_id,
        e1_0.id,
        e1_0.category,
        e1_0.created_at,
        e1_0.description,
        e1_0.difficulty_level,
        e1_0.equipment_needed,
        e1_0.image_url,
        e1_0.is_active,
        e1_0.muscle_group,
        e1_0.name,
        e1_0.updated_at,
        e1_0.video_url,
        pe1_0.is_optional,
        pe1_0.notes,
        pe1_0.order_in_program,
        pe1_0.reps_count,
        pe1_0.rest_duration_seconds,
        pe1_0.sets_count,
        pe1_0.training_program_id,
        pe1_0.updated_at,
        pe1_0.weight_kg 
    from
        program_exercises pe1_0 
    join
        exercises e1_0 
            on e1_0.id=pe1_0.exercise_id 
    where
        pe1_0.training_program_id=? 
    order by
        pe1_0.order_in_program
2025-07-31 22:39:13 [http-nio-8080-exec-8] DEBUG o.s.security.web.FilterChainProxy - Securing OPTIONS /api/program-exercises/program/60
2025-07-31 22:39:13 [http-nio-8080-exec-9] DEBUG o.s.security.web.FilterChainProxy - Securing GET /api/program-exercises/program/60
2025-07-31 22:39:13 [http-nio-8080-exec-9] DEBUG org.hibernate.SQL - 
    select
        u1_0.id,
        u1_0.creation_date,
        u1_0.email,
        u1_0.password 
    from
        user u1_0 
    where
        u1_0.email=?
2025-07-31 22:39:13 [http-nio-8080-exec-9] DEBUG org.hibernate.SQL - 
    select
        up1_0.id,
        up1_0.age,
        up1_0.created_at,
        up1_0.date_of_birth,
        up1_0.first_name,
        up1_0.last_name,
        up1_0.phone_number,
        up1_0.updated_at,
        up1_0.user_id 
    from
        user_profile up1_0 
    where
        up1_0.user_id=?
2025-07-31 22:39:13 [http-nio-8080-exec-9] DEBUG o.s.security.web.FilterChainProxy - Secured GET /api/program-exercises/program/60
2025-07-31 22:39:13 [http-nio-8080-exec-9] DEBUG org.hibernate.SQL - 
    select
        pe1_0.id,
        pe1_0.created_at,
        pe1_0.distance_meters,
        pe1_0.duration_seconds,
        pe1_0.exercise_id,
        e1_0.id,
        e1_0.category,
        e1_0.created_at,
        e1_0.description,
        e1_0.difficulty_level,
        e1_0.equipment_needed,
        e1_0.image_url,
        e1_0.is_active,
        e1_0.muscle_group,
        e1_0.name,
        e1_0.updated_at,
        e1_0.video_url,
        pe1_0.is_optional,
        pe1_0.notes,
        pe1_0.order_in_program,
        pe1_0.reps_count,
        pe1_0.rest_duration_seconds,
        pe1_0.sets_count,
        pe1_0.training_program_id,
        pe1_0.updated_at,
        pe1_0.weight_kg 
    from
        program_exercises pe1_0 
    join
        exercises e1_0 
            on e1_0.id=pe1_0.exercise_id 
    where
        pe1_0.training_program_id=? 
    order by
        pe1_0.order_in_program
2025-07-31 22:40:28 [http-nio-8080-exec-1] DEBUG o.s.security.web.FilterChainProxy - Securing OPTIONS /api/user-training-programs/user/15
2025-07-31 22:40:28 [http-nio-8080-exec-2] DEBUG o.s.security.web.FilterChainProxy - Securing GET /api/user-training-programs/user/15
2025-07-31 22:40:28 [http-nio-8080-exec-2] DEBUG org.hibernate.SQL - 
    select
        u1_0.id,
        u1_0.creation_date,
        u1_0.email,
        u1_0.password 
    from
        user u1_0 
    where
        u1_0.email=?
2025-07-31 22:40:28 [http-nio-8080-exec-2] DEBUG org.hibernate.SQL - 
    select
        up1_0.id,
        up1_0.age,
        up1_0.created_at,
        up1_0.date_of_birth,
        up1_0.first_name,
        up1_0.last_name,
        up1_0.phone_number,
        up1_0.updated_at,
        up1_0.user_id 
    from
        user_profile up1_0 
    where
        up1_0.user_id=?
2025-07-31 22:40:28 [http-nio-8080-exec-2] DEBUG o.s.security.web.FilterChainProxy - Secured GET /api/user-training-programs/user/15
2025-07-31 22:40:28 [http-nio-8080-exec-2] DEBUG org.hibernate.SQL - 
    select
        u1_0.id,
        u1_0.creation_date,
        u1_0.email,
        u1_0.password 
    from
        user u1_0 
    where
        u1_0.email=?
2025-07-31 22:40:28 [http-nio-8080-exec-2] DEBUG org.hibernate.SQL - 
    select
        up1_0.id,
        up1_0.age,
        up1_0.created_at,
        up1_0.date_of_birth,
        up1_0.first_name,
        up1_0.last_name,
        up1_0.phone_number,
        up1_0.updated_at,
        up1_0.user_id 
    from
        user_profile up1_0 
    where
        up1_0.user_id=?
2025-07-31 22:40:28 [http-nio-8080-exec-2] DEBUG org.hibernate.SQL - 
    select
        utp1_0.id,
        utp1_0.training_program_id,
        tp1_0.id,
        tp1_0.category,
        tp1_0.created_at,
        tp1_0.created_by_user_id,
        tp1_0.description,
        tp1_0.difficulty_level,
        tp1_0.duration_weeks,
        tp1_0.equipment_required,
        tp1_0.estimated_duration_minutes,
        tp1_0.image_url,
        tp1_0.is_active,
        tp1_0.is_public,
        tp1_0.name,
        tp1_0.sessions_per_week,
        tp1_0.target_audience,
        tp1_0.updated_at,
        utp1_0.user_id 
    from
        user_training_programs utp1_0 
    join
        training_programs tp1_0 
            on tp1_0.id=utp1_0.training_program_id 
    where
        utp1_0.user_id=?
2025-07-31 22:40:31 [http-nio-8080-exec-3] DEBUG o.s.security.web.FilterChainProxy - Securing OPTIONS /api/training-programs/60
2025-07-31 22:40:31 [http-nio-8080-exec-4] DEBUG o.s.security.web.FilterChainProxy - Securing GET /api/training-programs/60
2025-07-31 22:40:31 [http-nio-8080-exec-4] DEBUG org.hibernate.SQL - 
    select
        u1_0.id,
        u1_0.creation_date,
        u1_0.email,
        u1_0.password 
    from
        user u1_0 
    where
        u1_0.email=?
2025-07-31 22:40:31 [http-nio-8080-exec-4] DEBUG org.hibernate.SQL - 
    select
        up1_0.id,
        up1_0.age,
        up1_0.created_at,
        up1_0.date_of_birth,
        up1_0.first_name,
        up1_0.last_name,
        up1_0.phone_number,
        up1_0.updated_at,
        up1_0.user_id 
    from
        user_profile up1_0 
    where
        up1_0.user_id=?
2025-07-31 22:40:31 [http-nio-8080-exec-4] DEBUG o.s.security.web.FilterChainProxy - Secured GET /api/training-programs/60
2025-07-31 22:40:31 [http-nio-8080-exec-4] DEBUG org.hibernate.SQL - 
    select
        tp1_0.id,
        tp1_0.category,
        tp1_0.created_at,
        tp1_0.created_by_user_id,
        tp1_0.description,
        tp1_0.difficulty_level,
        tp1_0.duration_weeks,
        tp1_0.equipment_required,
        tp1_0.estimated_duration_minutes,
        tp1_0.image_url,
        tp1_0.is_active,
        tp1_0.is_public,
        tp1_0.name,
        tp1_0.sessions_per_week,
        tp1_0.target_audience,
        tp1_0.updated_at 
    from
        training_programs tp1_0 
    where
        tp1_0.id=?
2025-07-31 22:40:31 [http-nio-8080-exec-5] DEBUG o.s.security.web.FilterChainProxy - Securing OPTIONS /api/program-exercises/program/60
2025-07-31 22:40:31 [http-nio-8080-exec-6] DEBUG o.s.security.web.FilterChainProxy - Securing GET /api/program-exercises/program/60
2025-07-31 22:40:31 [http-nio-8080-exec-6] DEBUG org.hibernate.SQL - 
    select
        u1_0.id,
        u1_0.creation_date,
        u1_0.email,
        u1_0.password 
    from
        user u1_0 
    where
        u1_0.email=?
2025-07-31 22:40:31 [http-nio-8080-exec-6] DEBUG org.hibernate.SQL - 
    select
        up1_0.id,
        up1_0.age,
        up1_0.created_at,
        up1_0.date_of_birth,
        up1_0.first_name,
        up1_0.last_name,
        up1_0.phone_number,
        up1_0.updated_at,
        up1_0.user_id 
    from
        user_profile up1_0 
    where
        up1_0.user_id=?
2025-07-31 22:40:31 [http-nio-8080-exec-6] DEBUG o.s.security.web.FilterChainProxy - Secured GET /api/program-exercises/program/60
2025-07-31 22:40:31 [http-nio-8080-exec-6] DEBUG org.hibernate.SQL - 
    select
        pe1_0.id,
        pe1_0.created_at,
        pe1_0.distance_meters,
        pe1_0.duration_seconds,
        pe1_0.exercise_id,
        e1_0.id,
        e1_0.category,
        e1_0.created_at,
        e1_0.description,
        e1_0.difficulty_level,
        e1_0.equipment_needed,
        e1_0.image_url,
        e1_0.is_active,
        e1_0.muscle_group,
        e1_0.name,
        e1_0.updated_at,
        e1_0.video_url,
        pe1_0.is_optional,
        pe1_0.notes,
        pe1_0.order_in_program,
        pe1_0.reps_count,
        pe1_0.rest_duration_seconds,
        pe1_0.sets_count,
        pe1_0.training_program_id,
        pe1_0.updated_at,
        pe1_0.weight_kg 
    from
        program_exercises pe1_0 
    join
        exercises e1_0 
            on e1_0.id=pe1_0.exercise_id 
    where
        pe1_0.training_program_id=? 
    order by
        pe1_0.order_in_program
2025-07-31 22:40:33 [http-nio-8080-exec-7] DEBUG o.s.security.web.FilterChainProxy - Securing GET /api/program-exercises/program/60
2025-07-31 22:40:33 [http-nio-8080-exec-7] DEBUG org.hibernate.SQL - 
    select
        u1_0.id,
        u1_0.creation_date,
        u1_0.email,
        u1_0.password 
    from
        user u1_0 
    where
        u1_0.email=?
2025-07-31 22:40:33 [http-nio-8080-exec-7] DEBUG org.hibernate.SQL - 
    select
        up1_0.id,
        up1_0.age,
        up1_0.created_at,
        up1_0.date_of_birth,
        up1_0.first_name,
        up1_0.last_name,
        up1_0.phone_number,
        up1_0.updated_at,
        up1_0.user_id 
    from
        user_profile up1_0 
    where
        up1_0.user_id=?
2025-07-31 22:40:33 [http-nio-8080-exec-7] DEBUG o.s.security.web.FilterChainProxy - Secured GET /api/program-exercises/program/60
2025-07-31 22:40:33 [http-nio-8080-exec-7] DEBUG org.hibernate.SQL - 
    select
        pe1_0.id,
        pe1_0.created_at,
        pe1_0.distance_meters,
        pe1_0.duration_seconds,
        pe1_0.exercise_id,
        e1_0.id,
        e1_0.category,
        e1_0.created_at,
        e1_0.description,
        e1_0.difficulty_level,
        e1_0.equipment_needed,
        e1_0.image_url,
        e1_0.is_active,
        e1_0.muscle_group,
        e1_0.name,
        e1_0.updated_at,
        e1_0.video_url,
        pe1_0.is_optional,
        pe1_0.notes,
        pe1_0.order_in_program,
        pe1_0.reps_count,
        pe1_0.rest_duration_seconds,
        pe1_0.sets_count,
        pe1_0.training_program_id,
        pe1_0.updated_at,
        pe1_0.weight_kg 
    from
        program_exercises pe1_0 
    join
        exercises e1_0 
            on e1_0.id=pe1_0.exercise_id 
    where
        pe1_0.training_program_id=? 
    order by
        pe1_0.order_in_program
2025-07-31 22:42:27 [http-nio-8080-exec-9] DEBUG o.s.security.web.FilterChainProxy - Securing OPTIONS /api/training-programs/public
2025-07-31 22:42:27 [http-nio-8080-exec-10] DEBUG o.s.security.web.FilterChainProxy - Securing GET /api/training-programs/public
2025-07-31 22:42:27 [http-nio-8080-exec-10] DEBUG org.hibernate.SQL - 
    select
        u1_0.id,
        u1_0.creation_date,
        u1_0.email,
        u1_0.password 
    from
        user u1_0 
    where
        u1_0.email=?
2025-07-31 22:42:27 [http-nio-8080-exec-10] DEBUG org.hibernate.SQL - 
    select
        up1_0.id,
        up1_0.age,
        up1_0.created_at,
        up1_0.date_of_birth,
        up1_0.first_name,
        up1_0.last_name,
        up1_0.phone_number,
        up1_0.updated_at,
        up1_0.user_id 
    from
        user_profile up1_0 
    where
        up1_0.user_id=?
2025-07-31 22:42:27 [http-nio-8080-exec-10] DEBUG o.s.security.web.FilterChainProxy - Secured GET /api/training-programs/public
2025-07-31 22:42:27 [http-nio-8080-exec-10] DEBUG org.hibernate.SQL - 
    select
        tp1_0.id,
        tp1_0.category,
        tp1_0.created_at,
        tp1_0.created_by_user_id,
        tp1_0.description,
        tp1_0.difficulty_level,
        tp1_0.duration_weeks,
        tp1_0.equipment_required,
        tp1_0.estimated_duration_minutes,
        tp1_0.image_url,
        tp1_0.is_active,
        tp1_0.is_public,
        tp1_0.name,
        tp1_0.sessions_per_week,
        tp1_0.target_audience,
        tp1_0.updated_at 
    from
        training_programs tp1_0 
    where
        tp1_0.is_public 
        and tp1_0.is_active
2025-07-31 22:42:30 [http-nio-8080-exec-1] DEBUG o.s.security.web.FilterChainProxy - Securing GET /api/training-programs/public
2025-07-31 22:42:30 [http-nio-8080-exec-1] DEBUG org.hibernate.SQL - 
    select
        u1_0.id,
        u1_0.creation_date,
        u1_0.email,
        u1_0.password 
    from
        user u1_0 
    where
        u1_0.email=?
2025-07-31 22:42:30 [http-nio-8080-exec-1] DEBUG org.hibernate.SQL - 
    select
        up1_0.id,
        up1_0.age,
        up1_0.created_at,
        up1_0.date_of_birth,
        up1_0.first_name,
        up1_0.last_name,
        up1_0.phone_number,
        up1_0.updated_at,
        up1_0.user_id 
    from
        user_profile up1_0 
    where
        up1_0.user_id=?
2025-07-31 22:42:30 [http-nio-8080-exec-1] DEBUG o.s.security.web.FilterChainProxy - Secured GET /api/training-programs/public
2025-07-31 22:42:30 [http-nio-8080-exec-1] DEBUG org.hibernate.SQL - 
    select
        tp1_0.id,
        tp1_0.category,
        tp1_0.created_at,
        tp1_0.created_by_user_id,
        tp1_0.description,
        tp1_0.difficulty_level,
        tp1_0.duration_weeks,
        tp1_0.equipment_required,
        tp1_0.estimated_duration_minutes,
        tp1_0.image_url,
        tp1_0.is_active,
        tp1_0.is_public,
        tp1_0.name,
        tp1_0.sessions_per_week,
        tp1_0.target_audience,
        tp1_0.updated_at 
    from
        training_programs tp1_0 
    where
        tp1_0.is_public 
        and tp1_0.is_active
2025-07-31 22:42:36 [http-nio-8080-exec-2] DEBUG o.s.security.web.FilterChainProxy - Securing OPTIONS /api/training-programs/public
2025-07-31 22:42:36 [http-nio-8080-exec-3] DEBUG o.s.security.web.FilterChainProxy - Securing GET /api/training-programs/public
2025-07-31 22:42:36 [http-nio-8080-exec-3] DEBUG org.hibernate.SQL - 
    select
        u1_0.id,
        u1_0.creation_date,
        u1_0.email,
        u1_0.password 
    from
        user u1_0 
    where
        u1_0.email=?
2025-07-31 22:42:36 [http-nio-8080-exec-3] DEBUG org.hibernate.SQL - 
    select
        up1_0.id,
        up1_0.age,
        up1_0.created_at,
        up1_0.date_of_birth,
        up1_0.first_name,
        up1_0.last_name,
        up1_0.phone_number,
        up1_0.updated_at,
        up1_0.user_id 
    from
        user_profile up1_0 
    where
        up1_0.user_id=?
2025-07-31 22:42:36 [http-nio-8080-exec-3] DEBUG o.s.security.web.FilterChainProxy - Secured GET /api/training-programs/public
2025-07-31 22:42:36 [http-nio-8080-exec-3] DEBUG org.hibernate.SQL - 
    select
        tp1_0.id,
        tp1_0.category,
        tp1_0.created_at,
        tp1_0.created_by_user_id,
        tp1_0.description,
        tp1_0.difficulty_level,
        tp1_0.duration_weeks,
        tp1_0.equipment_required,
        tp1_0.estimated_duration_minutes,
        tp1_0.image_url,
        tp1_0.is_active,
        tp1_0.is_public,
        tp1_0.name,
        tp1_0.sessions_per_week,
        tp1_0.target_audience,
        tp1_0.updated_at 
    from
        training_programs tp1_0 
    where
        tp1_0.is_public 
        and tp1_0.is_active
2025-07-31 22:42:37 [http-nio-8080-exec-4] DEBUG o.s.security.web.FilterChainProxy - Securing GET /api/training-programs/public
2025-07-31 22:42:37 [http-nio-8080-exec-4] DEBUG org.hibernate.SQL - 
    select
        u1_0.id,
        u1_0.creation_date,
        u1_0.email,
        u1_0.password 
    from
        user u1_0 
    where
        u1_0.email=?
2025-07-31 22:42:37 [http-nio-8080-exec-4] DEBUG org.hibernate.SQL - 
    select
        up1_0.id,
        up1_0.age,
        up1_0.created_at,
        up1_0.date_of_birth,
        up1_0.first_name,
        up1_0.last_name,
        up1_0.phone_number,
        up1_0.updated_at,
        up1_0.user_id 
    from
        user_profile up1_0 
    where
        up1_0.user_id=?
2025-07-31 22:42:37 [http-nio-8080-exec-4] DEBUG o.s.security.web.FilterChainProxy - Secured GET /api/training-programs/public
2025-07-31 22:42:37 [http-nio-8080-exec-4] DEBUG org.hibernate.SQL - 
    select
        tp1_0.id,
        tp1_0.category,
        tp1_0.created_at,
        tp1_0.created_by_user_id,
        tp1_0.description,
        tp1_0.difficulty_level,
        tp1_0.duration_weeks,
        tp1_0.equipment_required,
        tp1_0.estimated_duration_minutes,
        tp1_0.image_url,
        tp1_0.is_active,
        tp1_0.is_public,
        tp1_0.name,
        tp1_0.sessions_per_week,
        tp1_0.target_audience,
        tp1_0.updated_at 
    from
        training_programs tp1_0 
    where
        tp1_0.is_public 
        and tp1_0.is_active
2025-07-31 22:42:37 [http-nio-8080-exec-5] DEBUG o.s.security.web.FilterChainProxy - Securing GET /api/training-programs/public
2025-07-31 22:42:37 [http-nio-8080-exec-5] DEBUG org.hibernate.SQL - 
    select
        u1_0.id,
        u1_0.creation_date,
        u1_0.email,
        u1_0.password 
    from
        user u1_0 
    where
        u1_0.email=?
2025-07-31 22:42:37 [http-nio-8080-exec-5] DEBUG org.hibernate.SQL - 
    select
        up1_0.id,
        up1_0.age,
        up1_0.created_at,
        up1_0.date_of_birth,
        up1_0.first_name,
        up1_0.last_name,
        up1_0.phone_number,
        up1_0.updated_at,
        up1_0.user_id 
    from
        user_profile up1_0 
    where
        up1_0.user_id=?
2025-07-31 22:42:37 [http-nio-8080-exec-5] DEBUG o.s.security.web.FilterChainProxy - Secured GET /api/training-programs/public
2025-07-31 22:42:37 [http-nio-8080-exec-5] DEBUG org.hibernate.SQL - 
    select
        tp1_0.id,
        tp1_0.category,
        tp1_0.created_at,
        tp1_0.created_by_user_id,
        tp1_0.description,
        tp1_0.difficulty_level,
        tp1_0.duration_weeks,
        tp1_0.equipment_required,
        tp1_0.estimated_duration_minutes,
        tp1_0.image_url,
        tp1_0.is_active,
        tp1_0.is_public,
        tp1_0.name,
        tp1_0.sessions_per_week,
        tp1_0.target_audience,
        tp1_0.updated_at 
    from
        training_programs tp1_0 
    where
        tp1_0.is_public 
        and tp1_0.is_active
2025-07-31 22:45:05 [http-nio-8080-exec-7] DEBUG o.s.security.web.FilterChainProxy - Securing OPTIONS /api/training-programs/public
2025-07-31 22:45:05 [http-nio-8080-exec-8] DEBUG o.s.security.web.FilterChainProxy - Securing GET /api/training-programs/public
2025-07-31 22:45:05 [http-nio-8080-exec-8] DEBUG org.hibernate.SQL - 
    select
        u1_0.id,
        u1_0.creation_date,
        u1_0.email,
        u1_0.password 
    from
        user u1_0 
    where
        u1_0.email=?
2025-07-31 22:45:05 [http-nio-8080-exec-8] DEBUG org.hibernate.SQL - 
    select
        up1_0.id,
        up1_0.age,
        up1_0.created_at,
        up1_0.date_of_birth,
        up1_0.first_name,
        up1_0.last_name,
        up1_0.phone_number,
        up1_0.updated_at,
        up1_0.user_id 
    from
        user_profile up1_0 
    where
        up1_0.user_id=?
2025-07-31 22:45:05 [http-nio-8080-exec-8] DEBUG o.s.security.web.FilterChainProxy - Secured GET /api/training-programs/public
2025-07-31 22:45:05 [http-nio-8080-exec-8] DEBUG org.hibernate.SQL - 
    select
        tp1_0.id,
        tp1_0.category,
        tp1_0.created_at,
        tp1_0.created_by_user_id,
        tp1_0.description,
        tp1_0.difficulty_level,
        tp1_0.duration_weeks,
        tp1_0.equipment_required,
        tp1_0.estimated_duration_minutes,
        tp1_0.image_url,
        tp1_0.is_active,
        tp1_0.is_public,
        tp1_0.name,
        tp1_0.sessions_per_week,
        tp1_0.target_audience,
        tp1_0.updated_at 
    from
        training_programs tp1_0 
    where
        tp1_0.is_public 
        and tp1_0.is_active
2025-07-31 22:51:49 [restartedMain] INFO  c.e.muscul_ia.MusculIaApplication - Starting MusculIaApplication using Java 17.0.9 with PID 18316 (C:\Users\cornu\muscul_ia\back_muscul_ia\target\classes started by cornu in C:\Users\cornu\muscul_ia\back_muscul_ia)
2025-07-31 22:51:49 [restartedMain] DEBUG c.e.muscul_ia.MusculIaApplication - Running with Spring Boot v3.5.3, Spring v6.2.8
2025-07-31 22:51:49 [restartedMain] INFO  c.e.muscul_ia.MusculIaApplication - No active profile set, falling back to 1 default profile: "default"
2025-07-31 22:51:49 [restartedMain] INFO  o.s.b.d.e.DevToolsPropertyDefaultsPostProcessor - Devtools property defaults active! Set 'spring.devtools.add-properties' to 'false' to disable
2025-07-31 22:51:49 [restartedMain] INFO  o.s.b.d.e.DevToolsPropertyDefaultsPostProcessor - For additional web related logging consider setting the 'logging.level.web' property to 'DEBUG'
2025-07-31 22:51:50 [restartedMain] INFO  o.s.d.r.c.RepositoryConfigurationDelegate - Bootstrapping Spring Data JPA repositories in DEFAULT mode.
2025-07-31 22:51:50 [restartedMain] INFO  o.s.d.r.c.RepositoryConfigurationDelegate - Finished Spring Data repository scanning in 70 ms. Found 8 JPA repository interfaces.
2025-07-31 22:51:50 [restartedMain] INFO  o.s.b.w.e.tomcat.TomcatWebServer - Tomcat initialized with port 8080 (http)
2025-07-31 22:51:50 [restartedMain] INFO  o.a.catalina.core.StandardService - Starting service [Tomcat]
2025-07-31 22:51:50 [restartedMain] INFO  o.a.catalina.core.StandardEngine - Starting Servlet engine: [Apache Tomcat/10.1.42]
2025-07-31 22:51:50 [restartedMain] INFO  o.a.c.c.C.[Tomcat].[localhost].[/] - Initializing Spring embedded WebApplicationContext
2025-07-31 22:51:50 [restartedMain] INFO  o.s.b.w.s.c.ServletWebServerApplicationContext - Root WebApplicationContext: initialization completed in 1868 ms
2025-07-31 22:51:51 [restartedMain] INFO  o.h.jpa.internal.util.LogHelper - HHH000204: Processing PersistenceUnitInfo [name: default]
2025-07-31 22:51:51 [restartedMain] INFO  org.hibernate.Version - HHH000412: Hibernate ORM core version 6.6.18.Final
2025-07-31 22:51:51 [restartedMain] INFO  o.h.c.i.RegionFactoryInitiator - HHH000026: Second-level cache disabled
2025-07-31 22:51:51 [restartedMain] INFO  o.s.o.j.p.SpringPersistenceUnitInfo - No LoadTimeWeaver setup: ignoring JPA class transformer
2025-07-31 22:51:51 [restartedMain] INFO  com.zaxxer.hikari.HikariDataSource - HikariPool-1 - Starting...
2025-07-31 22:51:51 [restartedMain] INFO  com.zaxxer.hikari.pool.HikariPool - HikariPool-1 - Added connection com.mysql.cj.jdbc.ConnectionImpl@5a4b0f57
2025-07-31 22:51:51 [restartedMain] INFO  com.zaxxer.hikari.HikariDataSource - HikariPool-1 - Start completed.
2025-07-31 22:51:51 [restartedMain] WARN  org.hibernate.orm.deprecation - HHH90000025: MySQLDialect does not need to be specified explicitly using 'hibernate.dialect' (remove the property setting and it will be selected by default)
2025-07-31 22:51:51 [restartedMain] INFO  o.hibernate.orm.connections.pooling - HHH10001005: Database info:
	Database JDBC URL [Connecting through datasource 'HikariDataSource (HikariPool-1)']
	Database driver: undefined/unknown
	Database version: 8.0.41
	Autocommit mode: undefined/unknown
	Isolation level: undefined/unknown
	Minimum pool size: undefined/unknown
	Maximum pool size: undefined/unknown
2025-07-31 22:51:52 [restartedMain] INFO  o.h.e.t.j.p.i.JtaPlatformInitiator - HHH000489: No JTA platform available (set 'hibernate.transaction.jta.platform' to enable JTA platform integration)
2025-07-31 22:51:52 [restartedMain] INFO  o.s.o.j.LocalContainerEntityManagerFactoryBean - Initialized JPA EntityManagerFactory for persistence unit 'default'
2025-07-31 22:51:53 [restartedMain] DEBUG c.e.m.config.JwtAuthenticationFilter - Filter 'jwtAuthenticationFilter' configured for use
2025-07-31 22:51:53 [restartedMain] INFO  o.s.d.j.r.query.QueryEnhancerFactory - Hibernate is in classpath; If applicable, HQL parser will be used.
2025-07-31 22:51:54 [restartedMain] WARN  o.s.b.a.o.j.JpaBaseConfiguration$JpaWebConfiguration - spring.jpa.open-in-view is enabled by default. Therefore, database queries may be performed during view rendering. Explicitly configure spring.jpa.open-in-view to disable this warning
2025-07-31 22:51:54 [restartedMain] INFO  o.s.b.a.e.web.EndpointLinksResolver - Exposing 4 endpoints beneath base path '/actuator'
2025-07-31 22:51:54 [restartedMain] INFO  o.s.s.c.a.a.c.InitializeUserDetailsBeanManagerConfigurer$InitializeUserDetailsManagerConfigurer - Global AuthenticationManager configured with UserDetailsService bean with name customUserDetailsService
2025-07-31 22:51:54 [restartedMain] DEBUG o.s.s.web.DefaultSecurityFilterChain - Will secure any request with filters: DisableEncodeUrlFilter, WebAsyncManagerIntegrationFilter, SecurityContextHolderFilter, HeaderWriterFilter, CorsFilter, LogoutFilter, JwtAuthenticationFilter, RequestCacheAwareFilter, SecurityContextHolderAwareRequestFilter, AnonymousAuthenticationFilter, SessionManagementFilter, ExceptionTranslationFilter, AuthorizationFilter
2025-07-31 22:51:54 [restartedMain] INFO  o.s.b.a.h.H2ConsoleAutoConfiguration - H2 console available at '/h2-console'. Database available at 'jdbc:mysql://localhost:3306/muscul_ia_db'
2025-07-31 22:51:54 [restartedMain] INFO  o.s.b.d.a.OptionalLiveReloadServer - LiveReload server is running on port 35729
2025-07-31 22:51:54 [restartedMain] INFO  o.s.b.w.e.tomcat.TomcatWebServer - Tomcat started on port 8080 (http) with context path '/'
2025-07-31 22:51:54 [restartedMain] INFO  c.e.muscul_ia.MusculIaApplication - Started MusculIaApplication in 6.104 seconds (process running for 6.517)
2025-07-31 22:56:18 [http-nio-8080-exec-1] INFO  o.a.c.c.C.[Tomcat].[localhost].[/] - Initializing Spring DispatcherServlet 'dispatcherServlet'
2025-07-31 22:56:18 [http-nio-8080-exec-1] INFO  o.s.web.servlet.DispatcherServlet - Initializing Servlet 'dispatcherServlet'
2025-07-31 22:56:18 [http-nio-8080-exec-1] INFO  o.s.web.servlet.DispatcherServlet - Completed initialization in 2 ms
2025-07-31 22:56:18 [http-nio-8080-exec-1] DEBUG o.s.security.web.FilterChainProxy - Securing OPTIONS /api/user-training-programs/user/15
2025-07-31 22:56:18 [http-nio-8080-exec-2] DEBUG o.s.security.web.FilterChainProxy - Securing GET /api/user-training-programs/user/15
2025-07-31 22:56:18 [http-nio-8080-exec-2] DEBUG org.hibernate.SQL - 
    select
        u1_0.id,
        u1_0.creation_date,
        u1_0.email,
        u1_0.password 
    from
        user u1_0 
    where
        u1_0.email=?
2025-07-31 22:56:18 [http-nio-8080-exec-2] DEBUG org.hibernate.SQL - 
    select
        up1_0.id,
        up1_0.age,
        up1_0.created_at,
        up1_0.date_of_birth,
        up1_0.first_name,
        up1_0.last_name,
        up1_0.phone_number,
        up1_0.updated_at,
        up1_0.user_id 
    from
        user_profile up1_0 
    where
        up1_0.user_id=?
2025-07-31 22:56:18 [http-nio-8080-exec-2] DEBUG o.s.security.web.FilterChainProxy - Secured GET /api/user-training-programs/user/15
2025-07-31 22:56:18 [http-nio-8080-exec-2] DEBUG org.hibernate.SQL - 
    select
        u1_0.id,
        u1_0.creation_date,
        u1_0.email,
        u1_0.password 
    from
        user u1_0 
    where
        u1_0.email=?
2025-07-31 22:56:18 [http-nio-8080-exec-2] DEBUG org.hibernate.SQL - 
    select
        up1_0.id,
        up1_0.age,
        up1_0.created_at,
        up1_0.date_of_birth,
        up1_0.first_name,
        up1_0.last_name,
        up1_0.phone_number,
        up1_0.updated_at,
        up1_0.user_id 
    from
        user_profile up1_0 
    where
        up1_0.user_id=?
2025-07-31 22:56:18 [http-nio-8080-exec-2] DEBUG org.hibernate.SQL - 
    select
        utp1_0.id,
        utp1_0.training_program_id,
        tp1_0.id,
        tp1_0.category,
        tp1_0.created_at,
        tp1_0.created_by_user_id,
        tp1_0.description,
        tp1_0.difficulty_level,
        tp1_0.duration_weeks,
        tp1_0.equipment_required,
        tp1_0.estimated_duration_minutes,
        tp1_0.image_url,
        tp1_0.is_active,
        tp1_0.is_public,
        tp1_0.name,
        tp1_0.sessions_per_week,
        tp1_0.target_audience,
        tp1_0.updated_at,
        utp1_0.user_id 
    from
        user_training_programs utp1_0 
    join
        training_programs tp1_0 
            on tp1_0.id=utp1_0.training_program_id 
    where
        utp1_0.user_id=?
2025-07-31 22:56:31 [http-nio-8080-exec-3] DEBUG o.s.security.web.FilterChainProxy - Securing OPTIONS /api/training-programs/60
2025-07-31 22:56:31 [http-nio-8080-exec-4] DEBUG o.s.security.web.FilterChainProxy - Securing GET /api/training-programs/60
2025-07-31 22:56:31 [http-nio-8080-exec-4] DEBUG org.hibernate.SQL - 
    select
        u1_0.id,
        u1_0.creation_date,
        u1_0.email,
        u1_0.password 
    from
        user u1_0 
    where
        u1_0.email=?
2025-07-31 22:56:31 [http-nio-8080-exec-4] DEBUG org.hibernate.SQL - 
    select
        up1_0.id,
        up1_0.age,
        up1_0.created_at,
        up1_0.date_of_birth,
        up1_0.first_name,
        up1_0.last_name,
        up1_0.phone_number,
        up1_0.updated_at,
        up1_0.user_id 
    from
        user_profile up1_0 
    where
        up1_0.user_id=?
2025-07-31 22:56:31 [http-nio-8080-exec-4] DEBUG o.s.security.web.FilterChainProxy - Secured GET /api/training-programs/60
2025-07-31 22:56:31 [http-nio-8080-exec-4] DEBUG org.hibernate.SQL - 
    select
        tp1_0.id,
        tp1_0.category,
        tp1_0.created_at,
        tp1_0.created_by_user_id,
        tp1_0.description,
        tp1_0.difficulty_level,
        tp1_0.duration_weeks,
        tp1_0.equipment_required,
        tp1_0.estimated_duration_minutes,
        tp1_0.image_url,
        tp1_0.is_active,
        tp1_0.is_public,
        tp1_0.name,
        tp1_0.sessions_per_week,
        tp1_0.target_audience,
        tp1_0.updated_at 
    from
        training_programs tp1_0 
    where
        tp1_0.id=?
2025-07-31 22:56:31 [http-nio-8080-exec-5] DEBUG o.s.security.web.FilterChainProxy - Securing OPTIONS /api/program-exercises/program/60
2025-07-31 22:56:31 [http-nio-8080-exec-6] DEBUG o.s.security.web.FilterChainProxy - Securing GET /api/program-exercises/program/60
2025-07-31 22:56:31 [http-nio-8080-exec-6] DEBUG org.hibernate.SQL - 
    select
        u1_0.id,
        u1_0.creation_date,
        u1_0.email,
        u1_0.password 
    from
        user u1_0 
    where
        u1_0.email=?
2025-07-31 22:56:31 [http-nio-8080-exec-6] DEBUG org.hibernate.SQL - 
    select
        up1_0.id,
        up1_0.age,
        up1_0.created_at,
        up1_0.date_of_birth,
        up1_0.first_name,
        up1_0.last_name,
        up1_0.phone_number,
        up1_0.updated_at,
        up1_0.user_id 
    from
        user_profile up1_0 
    where
        up1_0.user_id=?
2025-07-31 22:56:31 [http-nio-8080-exec-6] DEBUG o.s.security.web.FilterChainProxy - Secured GET /api/program-exercises/program/60
2025-07-31 22:56:31 [http-nio-8080-exec-6] DEBUG org.hibernate.SQL - 
    select
        pe1_0.id,
        pe1_0.created_at,
        pe1_0.distance_meters,
        pe1_0.duration_seconds,
        pe1_0.exercise_id,
        e1_0.id,
        e1_0.category,
        e1_0.created_at,
        e1_0.description,
        e1_0.difficulty_level,
        e1_0.equipment_needed,
        e1_0.image_url,
        e1_0.is_active,
        e1_0.muscle_group,
        e1_0.name,
        e1_0.updated_at,
        e1_0.video_url,
        pe1_0.is_optional,
        pe1_0.notes,
        pe1_0.order_in_program,
        pe1_0.reps_count,
        pe1_0.rest_duration_seconds,
        pe1_0.sets_count,
        pe1_0.training_program_id,
        pe1_0.updated_at,
        pe1_0.weight_kg 
    from
        program_exercises pe1_0 
    join
        exercises e1_0 
            on e1_0.id=pe1_0.exercise_id 
    where
        pe1_0.training_program_id=? 
    order by
        pe1_0.order_in_program
2025-07-31 22:56:34 [http-nio-8080-exec-7] DEBUG o.s.security.web.FilterChainProxy - Securing GET /api/program-exercises/program/60
2025-07-31 22:56:34 [http-nio-8080-exec-7] DEBUG org.hibernate.SQL - 
    select
        u1_0.id,
        u1_0.creation_date,
        u1_0.email,
        u1_0.password 
    from
        user u1_0 
    where
        u1_0.email=?
2025-07-31 22:56:34 [http-nio-8080-exec-7] DEBUG org.hibernate.SQL - 
    select
        up1_0.id,
        up1_0.age,
        up1_0.created_at,
        up1_0.date_of_birth,
        up1_0.first_name,
        up1_0.last_name,
        up1_0.phone_number,
        up1_0.updated_at,
        up1_0.user_id 
    from
        user_profile up1_0 
    where
        up1_0.user_id=?
2025-07-31 22:56:34 [http-nio-8080-exec-7] DEBUG o.s.security.web.FilterChainProxy - Secured GET /api/program-exercises/program/60
2025-07-31 22:56:34 [http-nio-8080-exec-7] DEBUG org.hibernate.SQL - 
    select
        pe1_0.id,
        pe1_0.created_at,
        pe1_0.distance_meters,
        pe1_0.duration_seconds,
        pe1_0.exercise_id,
        e1_0.id,
        e1_0.category,
        e1_0.created_at,
        e1_0.description,
        e1_0.difficulty_level,
        e1_0.equipment_needed,
        e1_0.image_url,
        e1_0.is_active,
        e1_0.muscle_group,
        e1_0.name,
        e1_0.updated_at,
        e1_0.video_url,
        pe1_0.is_optional,
        pe1_0.notes,
        pe1_0.order_in_program,
        pe1_0.reps_count,
        pe1_0.rest_duration_seconds,
        pe1_0.sets_count,
        pe1_0.training_program_id,
        pe1_0.updated_at,
        pe1_0.weight_kg 
    from
        program_exercises pe1_0 
    join
        exercises e1_0 
            on e1_0.id=pe1_0.exercise_id 
    where
        pe1_0.training_program_id=? 
    order by
        pe1_0.order_in_program
2025-07-31 22:56:38 [http-nio-8080-exec-8] DEBUG o.s.security.web.FilterChainProxy - Securing OPTIONS /api/training-sessions
2025-07-31 22:56:38 [http-nio-8080-exec-9] DEBUG o.s.security.web.FilterChainProxy - Securing POST /api/training-sessions
2025-07-31 22:56:38 [http-nio-8080-exec-9] DEBUG org.hibernate.SQL - 
    select
        u1_0.id,
        u1_0.creation_date,
        u1_0.email,
        u1_0.password 
    from
        user u1_0 
    where
        u1_0.email=?
2025-07-31 22:56:38 [http-nio-8080-exec-9] DEBUG org.hibernate.SQL - 
    select
        up1_0.id,
        up1_0.age,
        up1_0.created_at,
        up1_0.date_of_birth,
        up1_0.first_name,
        up1_0.last_name,
        up1_0.phone_number,
        up1_0.updated_at,
        up1_0.user_id 
    from
        user_profile up1_0 
    where
        up1_0.user_id=?
2025-07-31 22:56:38 [http-nio-8080-exec-9] DEBUG o.s.security.web.FilterChainProxy - Secured POST /api/training-sessions
2025-07-31 22:56:38 [http-nio-8080-exec-9] WARN  o.s.w.s.m.s.DefaultHandlerExceptionResolver - Resolved [org.springframework.web.bind.MethodArgumentNotValidException: Validation failed for argument [0] in public org.springframework.http.ResponseEntity<com.example.muscul_ia.dto.TrainingSessionDto> com.example.muscul_ia.controller.TrainingSessionController.createTrainingSession(com.example.muscul_ia.dto.CreateTrainingSessionRequest,org.springframework.security.core.Authentication): [Field error in object 'createTrainingSessionRequest' on field 'durationMinutes': rejected value [0]; codes [Min.createTrainingSessionRequest.durationMinutes,Min.durationMinutes,Min.java.lang.Integer,Min]; arguments [org.springframework.context.support.DefaultMessageSourceResolvable: codes [createTrainingSessionRequest.durationMinutes,durationMinutes]; arguments []; default message [durationMinutes],1]; default message [La durée doit être d'au moins 1 minute]] ]
2025-07-31 22:56:38 [http-nio-8080-exec-9] DEBUG o.s.security.web.FilterChainProxy - Securing POST /error
2025-07-31 22:56:38 [http-nio-8080-exec-9] DEBUG o.s.s.w.a.AnonymousAuthenticationFilter - Set SecurityContextHolder to anonymous SecurityContext
2025-07-31 22:56:38 [http-nio-8080-exec-9] DEBUG o.s.s.w.a.Http403ForbiddenEntryPoint - Pre-authenticated entry point called. Rejecting access
2025-07-31 22:57:53 [http-nio-8080-exec-1] DEBUG o.s.security.web.FilterChainProxy - Securing OPTIONS /api/program-exercises/program/60
2025-07-31 22:57:53 [http-nio-8080-exec-2] DEBUG o.s.security.web.FilterChainProxy - Securing GET /api/program-exercises/program/60
2025-07-31 22:57:53 [http-nio-8080-exec-2] DEBUG org.hibernate.SQL - 
    select
        u1_0.id,
        u1_0.creation_date,
        u1_0.email,
        u1_0.password 
    from
        user u1_0 
    where
        u1_0.email=?
2025-07-31 22:57:53 [http-nio-8080-exec-2] DEBUG org.hibernate.SQL - 
    select
        up1_0.id,
        up1_0.age,
        up1_0.created_at,
        up1_0.date_of_birth,
        up1_0.first_name,
        up1_0.last_name,
        up1_0.phone_number,
        up1_0.updated_at,
        up1_0.user_id 
    from
        user_profile up1_0 
    where
        up1_0.user_id=?
2025-07-31 22:57:53 [http-nio-8080-exec-2] DEBUG o.s.security.web.FilterChainProxy - Secured GET /api/program-exercises/program/60
2025-07-31 22:57:53 [http-nio-8080-exec-2] DEBUG org.hibernate.SQL - 
    select
        pe1_0.id,
        pe1_0.created_at,
        pe1_0.distance_meters,
        pe1_0.duration_seconds,
        pe1_0.exercise_id,
        e1_0.id,
        e1_0.category,
        e1_0.created_at,
        e1_0.description,
        e1_0.difficulty_level,
        e1_0.equipment_needed,
        e1_0.image_url,
        e1_0.is_active,
        e1_0.muscle_group,
        e1_0.name,
        e1_0.updated_at,
        e1_0.video_url,
        pe1_0.is_optional,
        pe1_0.notes,
        pe1_0.order_in_program,
        pe1_0.reps_count,
        pe1_0.rest_duration_seconds,
        pe1_0.sets_count,
        pe1_0.training_program_id,
        pe1_0.updated_at,
        pe1_0.weight_kg 
    from
        program_exercises pe1_0 
    join
        exercises e1_0 
            on e1_0.id=pe1_0.exercise_id 
    where
        pe1_0.training_program_id=? 
    order by
        pe1_0.order_in_program
2025-07-31 22:58:27 [http-nio-8080-exec-4] DEBUG o.s.security.web.FilterChainProxy - Securing OPTIONS /api/program-exercises/program/60
2025-07-31 22:58:27 [http-nio-8080-exec-5] DEBUG o.s.security.web.FilterChainProxy - Securing GET /api/program-exercises/program/60
2025-07-31 22:58:27 [http-nio-8080-exec-5] DEBUG org.hibernate.SQL - 
    select
        u1_0.id,
        u1_0.creation_date,
        u1_0.email,
        u1_0.password 
    from
        user u1_0 
    where
        u1_0.email=?
2025-07-31 22:58:27 [http-nio-8080-exec-5] DEBUG org.hibernate.SQL - 
    select
        up1_0.id,
        up1_0.age,
        up1_0.created_at,
        up1_0.date_of_birth,
        up1_0.first_name,
        up1_0.last_name,
        up1_0.phone_number,
        up1_0.updated_at,
        up1_0.user_id 
    from
        user_profile up1_0 
    where
        up1_0.user_id=?
2025-07-31 22:58:27 [http-nio-8080-exec-5] DEBUG o.s.security.web.FilterChainProxy - Secured GET /api/program-exercises/program/60
2025-07-31 22:58:27 [http-nio-8080-exec-5] DEBUG org.hibernate.SQL - 
    select
        pe1_0.id,
        pe1_0.created_at,
        pe1_0.distance_meters,
        pe1_0.duration_seconds,
        pe1_0.exercise_id,
        e1_0.id,
        e1_0.category,
        e1_0.created_at,
        e1_0.description,
        e1_0.difficulty_level,
        e1_0.equipment_needed,
        e1_0.image_url,
        e1_0.is_active,
        e1_0.muscle_group,
        e1_0.name,
        e1_0.updated_at,
        e1_0.video_url,
        pe1_0.is_optional,
        pe1_0.notes,
        pe1_0.order_in_program,
        pe1_0.reps_count,
        pe1_0.rest_duration_seconds,
        pe1_0.sets_count,
        pe1_0.training_program_id,
        pe1_0.updated_at,
        pe1_0.weight_kg 
    from
        program_exercises pe1_0 
    join
        exercises e1_0 
            on e1_0.id=pe1_0.exercise_id 
    where
        pe1_0.training_program_id=? 
    order by
        pe1_0.order_in_program
2025-07-31 22:58:35 [http-nio-8080-exec-6] DEBUG o.s.security.web.FilterChainProxy - Securing OPTIONS /api/program-exercises/program/60
2025-07-31 22:58:35 [http-nio-8080-exec-7] DEBUG o.s.security.web.FilterChainProxy - Securing GET /api/program-exercises/program/60
2025-07-31 22:58:35 [http-nio-8080-exec-7] DEBUG org.hibernate.SQL - 
    select
        u1_0.id,
        u1_0.creation_date,
        u1_0.email,
        u1_0.password 
    from
        user u1_0 
    where
        u1_0.email=?
2025-07-31 22:58:35 [http-nio-8080-exec-7] DEBUG org.hibernate.SQL - 
    select
        up1_0.id,
        up1_0.age,
        up1_0.created_at,
        up1_0.date_of_birth,
        up1_0.first_name,
        up1_0.last_name,
        up1_0.phone_number,
        up1_0.updated_at,
        up1_0.user_id 
    from
        user_profile up1_0 
    where
        up1_0.user_id=?
2025-07-31 22:58:35 [http-nio-8080-exec-7] DEBUG o.s.security.web.FilterChainProxy - Secured GET /api/program-exercises/program/60
2025-07-31 22:58:35 [http-nio-8080-exec-7] DEBUG org.hibernate.SQL - 
    select
        pe1_0.id,
        pe1_0.created_at,
        pe1_0.distance_meters,
        pe1_0.duration_seconds,
        pe1_0.exercise_id,
        e1_0.id,
        e1_0.category,
        e1_0.created_at,
        e1_0.description,
        e1_0.difficulty_level,
        e1_0.equipment_needed,
        e1_0.image_url,
        e1_0.is_active,
        e1_0.muscle_group,
        e1_0.name,
        e1_0.updated_at,
        e1_0.video_url,
        pe1_0.is_optional,
        pe1_0.notes,
        pe1_0.order_in_program,
        pe1_0.reps_count,
        pe1_0.rest_duration_seconds,
        pe1_0.sets_count,
        pe1_0.training_program_id,
        pe1_0.updated_at,
        pe1_0.weight_kg 
    from
        program_exercises pe1_0 
    join
        exercises e1_0 
            on e1_0.id=pe1_0.exercise_id 
    where
        pe1_0.training_program_id=? 
    order by
        pe1_0.order_in_program
2025-07-31 22:58:45 [http-nio-8080-exec-8] DEBUG o.s.security.web.FilterChainProxy - Securing OPTIONS /api/program-exercises/program/60
2025-07-31 22:58:45 [http-nio-8080-exec-9] DEBUG o.s.security.web.FilterChainProxy - Securing GET /api/program-exercises/program/60
2025-07-31 22:58:45 [http-nio-8080-exec-9] DEBUG org.hibernate.SQL - 
    select
        u1_0.id,
        u1_0.creation_date,
        u1_0.email,
        u1_0.password 
    from
        user u1_0 
    where
        u1_0.email=?
2025-07-31 22:58:45 [http-nio-8080-exec-9] DEBUG org.hibernate.SQL - 
    select
        up1_0.id,
        up1_0.age,
        up1_0.created_at,
        up1_0.date_of_birth,
        up1_0.first_name,
        up1_0.last_name,
        up1_0.phone_number,
        up1_0.updated_at,
        up1_0.user_id 
    from
        user_profile up1_0 
    where
        up1_0.user_id=?
2025-07-31 22:58:45 [http-nio-8080-exec-9] DEBUG o.s.security.web.FilterChainProxy - Secured GET /api/program-exercises/program/60
2025-07-31 22:58:45 [http-nio-8080-exec-9] DEBUG org.hibernate.SQL - 
    select
        pe1_0.id,
        pe1_0.created_at,
        pe1_0.distance_meters,
        pe1_0.duration_seconds,
        pe1_0.exercise_id,
        e1_0.id,
        e1_0.category,
        e1_0.created_at,
        e1_0.description,
        e1_0.difficulty_level,
        e1_0.equipment_needed,
        e1_0.image_url,
        e1_0.is_active,
        e1_0.muscle_group,
        e1_0.name,
        e1_0.updated_at,
        e1_0.video_url,
        pe1_0.is_optional,
        pe1_0.notes,
        pe1_0.order_in_program,
        pe1_0.reps_count,
        pe1_0.rest_duration_seconds,
        pe1_0.sets_count,
        pe1_0.training_program_id,
        pe1_0.updated_at,
        pe1_0.weight_kg 
    from
        program_exercises pe1_0 
    join
        exercises e1_0 
            on e1_0.id=pe1_0.exercise_id 
    where
        pe1_0.training_program_id=? 
    order by
        pe1_0.order_in_program
2025-07-31 22:58:53 [http-nio-8080-exec-10] DEBUG o.s.security.web.FilterChainProxy - Securing OPTIONS /api/program-exercises/program/60
2025-07-31 22:58:53 [http-nio-8080-exec-1] DEBUG o.s.security.web.FilterChainProxy - Securing GET /api/program-exercises/program/60
2025-07-31 22:58:53 [http-nio-8080-exec-1] DEBUG org.hibernate.SQL - 
    select
        u1_0.id,
        u1_0.creation_date,
        u1_0.email,
        u1_0.password 
    from
        user u1_0 
    where
        u1_0.email=?
2025-07-31 22:58:53 [http-nio-8080-exec-1] DEBUG org.hibernate.SQL - 
    select
        up1_0.id,
        up1_0.age,
        up1_0.created_at,
        up1_0.date_of_birth,
        up1_0.first_name,
        up1_0.last_name,
        up1_0.phone_number,
        up1_0.updated_at,
        up1_0.user_id 
    from
        user_profile up1_0 
    where
        up1_0.user_id=?
2025-07-31 22:58:53 [http-nio-8080-exec-1] DEBUG o.s.security.web.FilterChainProxy - Secured GET /api/program-exercises/program/60
2025-07-31 22:58:53 [http-nio-8080-exec-1] DEBUG org.hibernate.SQL - 
    select
        pe1_0.id,
        pe1_0.created_at,
        pe1_0.distance_meters,
        pe1_0.duration_seconds,
        pe1_0.exercise_id,
        e1_0.id,
        e1_0.category,
        e1_0.created_at,
        e1_0.description,
        e1_0.difficulty_level,
        e1_0.equipment_needed,
        e1_0.image_url,
        e1_0.is_active,
        e1_0.muscle_group,
        e1_0.name,
        e1_0.updated_at,
        e1_0.video_url,
        pe1_0.is_optional,
        pe1_0.notes,
        pe1_0.order_in_program,
        pe1_0.reps_count,
        pe1_0.rest_duration_seconds,
        pe1_0.sets_count,
        pe1_0.training_program_id,
        pe1_0.updated_at,
        pe1_0.weight_kg 
    from
        program_exercises pe1_0 
    join
        exercises e1_0 
            on e1_0.id=pe1_0.exercise_id 
    where
        pe1_0.training_program_id=? 
    order by
        pe1_0.order_in_program
2025-07-31 22:59:02 [http-nio-8080-exec-2] DEBUG o.s.security.web.FilterChainProxy - Securing OPTIONS /api/program-exercises/program/60
2025-07-31 22:59:02 [http-nio-8080-exec-3] DEBUG o.s.security.web.FilterChainProxy - Securing GET /api/program-exercises/program/60
2025-07-31 22:59:02 [http-nio-8080-exec-3] DEBUG org.hibernate.SQL - 
    select
        u1_0.id,
        u1_0.creation_date,
        u1_0.email,
        u1_0.password 
    from
        user u1_0 
    where
        u1_0.email=?
2025-07-31 22:59:02 [http-nio-8080-exec-3] DEBUG org.hibernate.SQL - 
    select
        up1_0.id,
        up1_0.age,
        up1_0.created_at,
        up1_0.date_of_birth,
        up1_0.first_name,
        up1_0.last_name,
        up1_0.phone_number,
        up1_0.updated_at,
        up1_0.user_id 
    from
        user_profile up1_0 
    where
        up1_0.user_id=?
2025-07-31 22:59:02 [http-nio-8080-exec-3] DEBUG o.s.security.web.FilterChainProxy - Secured GET /api/program-exercises/program/60
2025-07-31 22:59:02 [http-nio-8080-exec-3] DEBUG org.hibernate.SQL - 
    select
        pe1_0.id,
        pe1_0.created_at,
        pe1_0.distance_meters,
        pe1_0.duration_seconds,
        pe1_0.exercise_id,
        e1_0.id,
        e1_0.category,
        e1_0.created_at,
        e1_0.description,
        e1_0.difficulty_level,
        e1_0.equipment_needed,
        e1_0.image_url,
        e1_0.is_active,
        e1_0.muscle_group,
        e1_0.name,
        e1_0.updated_at,
        e1_0.video_url,
        pe1_0.is_optional,
        pe1_0.notes,
        pe1_0.order_in_program,
        pe1_0.reps_count,
        pe1_0.rest_duration_seconds,
        pe1_0.sets_count,
        pe1_0.training_program_id,
        pe1_0.updated_at,
        pe1_0.weight_kg 
    from
        program_exercises pe1_0 
    join
        exercises e1_0 
            on e1_0.id=pe1_0.exercise_id 
    where
        pe1_0.training_program_id=? 
    order by
        pe1_0.order_in_program
2025-07-31 22:59:41 [http-nio-8080-exec-4] DEBUG o.s.security.web.FilterChainProxy - Securing OPTIONS /api/training-sessions
2025-07-31 22:59:41 [http-nio-8080-exec-5] DEBUG o.s.security.web.FilterChainProxy - Securing POST /api/training-sessions
2025-07-31 22:59:41 [http-nio-8080-exec-5] DEBUG org.hibernate.SQL - 
    select
        u1_0.id,
        u1_0.creation_date,
        u1_0.email,
        u1_0.password 
    from
        user u1_0 
    where
        u1_0.email=?
2025-07-31 22:59:41 [http-nio-8080-exec-5] DEBUG org.hibernate.SQL - 
    select
        up1_0.id,
        up1_0.age,
        up1_0.created_at,
        up1_0.date_of_birth,
        up1_0.first_name,
        up1_0.last_name,
        up1_0.phone_number,
        up1_0.updated_at,
        up1_0.user_id 
    from
        user_profile up1_0 
    where
        up1_0.user_id=?
2025-07-31 22:59:41 [http-nio-8080-exec-5] DEBUG o.s.security.web.FilterChainProxy - Secured POST /api/training-sessions
2025-07-31 22:59:41 [http-nio-8080-exec-5] WARN  o.s.w.s.m.s.DefaultHandlerExceptionResolver - Resolved [org.springframework.web.bind.MethodArgumentNotValidException: Validation failed for argument [0] in public org.springframework.http.ResponseEntity<com.example.muscul_ia.dto.TrainingSessionDto> com.example.muscul_ia.controller.TrainingSessionController.createTrainingSession(com.example.muscul_ia.dto.CreateTrainingSessionRequest,org.springframework.security.core.Authentication): [Field error in object 'createTrainingSessionRequest' on field 'durationMinutes': rejected value [0]; codes [Min.createTrainingSessionRequest.durationMinutes,Min.durationMinutes,Min.java.lang.Integer,Min]; arguments [org.springframework.context.support.DefaultMessageSourceResolvable: codes [createTrainingSessionRequest.durationMinutes,durationMinutes]; arguments []; default message [durationMinutes],1]; default message [La durée doit être d'au moins 1 minute]] ]
2025-07-31 22:59:41 [http-nio-8080-exec-5] DEBUG o.s.security.web.FilterChainProxy - Securing POST /error
2025-07-31 22:59:41 [http-nio-8080-exec-5] DEBUG o.s.s.w.a.AnonymousAuthenticationFilter - Set SecurityContextHolder to anonymous SecurityContext
2025-07-31 22:59:41 [http-nio-8080-exec-5] DEBUG o.s.s.w.a.Http403ForbiddenEntryPoint - Pre-authenticated entry point called. Rejecting access
2025-07-31 23:00:26 [File Watcher] INFO  o.s.b.d.a.LocalDevToolsAutoConfiguration$RestartingClassPathChangeChangedEventListener - Restarting due to 1 class path change (0 additions, 0 deletions, 1 modification)
2025-07-31 23:00:26 [Thread-5] INFO  o.s.b.w.e.tomcat.GracefulShutdown - Commencing graceful shutdown. Waiting for active requests to complete
2025-07-31 23:00:27 [tomcat-shutdown] INFO  o.s.b.w.e.tomcat.GracefulShutdown - Graceful shutdown complete
2025-07-31 23:00:27 [Thread-5] INFO  o.s.o.j.LocalContainerEntityManagerFactoryBean - Closing JPA EntityManagerFactory for persistence unit 'default'
2025-07-31 23:00:27 [Thread-5] INFO  com.zaxxer.hikari.HikariDataSource - HikariPool-1 - Shutdown initiated...
2025-07-31 23:00:27 [Thread-5] INFO  com.zaxxer.hikari.HikariDataSource - HikariPool-1 - Shutdown completed.
2025-07-31 23:00:27 [restartedMain] INFO  c.e.muscul_ia.MusculIaApplication - Starting MusculIaApplication using Java 17.0.9 with PID 18316 (C:\Users\cornu\muscul_ia\back_muscul_ia\target\classes started by cornu in C:\Users\cornu\muscul_ia\back_muscul_ia)
2025-07-31 23:00:27 [restartedMain] DEBUG c.e.muscul_ia.MusculIaApplication - Running with Spring Boot v3.5.3, Spring v6.2.8
2025-07-31 23:00:27 [restartedMain] INFO  c.e.muscul_ia.MusculIaApplication - No active profile set, falling back to 1 default profile: "default"
2025-07-31 23:00:28 [restartedMain] INFO  o.s.d.r.c.RepositoryConfigurationDelegate - Bootstrapping Spring Data JPA repositories in DEFAULT mode.
2025-07-31 23:00:28 [restartedMain] INFO  o.s.d.r.c.RepositoryConfigurationDelegate - Finished Spring Data repository scanning in 23 ms. Found 8 JPA repository interfaces.
2025-07-31 23:00:28 [restartedMain] INFO  o.s.b.w.e.tomcat.TomcatWebServer - Tomcat initialized with port 8080 (http)
2025-07-31 23:00:28 [restartedMain] INFO  o.a.catalina.core.StandardService - Starting service [Tomcat]
2025-07-31 23:00:28 [restartedMain] INFO  o.a.catalina.core.StandardEngine - Starting Servlet engine: [Apache Tomcat/10.1.42]
2025-07-31 23:00:28 [restartedMain] INFO  o.a.c.c.C.[Tomcat].[localhost].[/] - Initializing Spring embedded WebApplicationContext
2025-07-31 23:00:28 [restartedMain] INFO  o.s.b.w.s.c.ServletWebServerApplicationContext - Root WebApplicationContext: initialization completed in 486 ms
2025-07-31 23:00:28 [restartedMain] INFO  o.h.jpa.internal.util.LogHelper - HHH000204: Processing PersistenceUnitInfo [name: default]
2025-07-31 23:00:28 [restartedMain] INFO  o.h.c.i.RegionFactoryInitiator - HHH000026: Second-level cache disabled
2025-07-31 23:00:28 [restartedMain] INFO  o.s.o.j.p.SpringPersistenceUnitInfo - No LoadTimeWeaver setup: ignoring JPA class transformer
2025-07-31 23:00:28 [restartedMain] INFO  com.zaxxer.hikari.HikariDataSource - HikariPool-2 - Starting...
2025-07-31 23:00:28 [restartedMain] INFO  com.zaxxer.hikari.pool.HikariPool - HikariPool-2 - Added connection com.mysql.cj.jdbc.ConnectionImpl@20e6d25c
2025-07-31 23:00:28 [restartedMain] INFO  com.zaxxer.hikari.HikariDataSource - HikariPool-2 - Start completed.
2025-07-31 23:00:28 [restartedMain] WARN  org.hibernate.orm.deprecation - HHH90000025: MySQLDialect does not need to be specified explicitly using 'hibernate.dialect' (remove the property setting and it will be selected by default)
2025-07-31 23:00:28 [restartedMain] INFO  o.hibernate.orm.connections.pooling - HHH10001005: Database info:
	Database JDBC URL [Connecting through datasource 'HikariDataSource (HikariPool-2)']
	Database driver: undefined/unknown
	Database version: 8.0.41
	Autocommit mode: undefined/unknown
	Isolation level: undefined/unknown
	Minimum pool size: undefined/unknown
	Maximum pool size: undefined/unknown
2025-07-31 23:00:28 [restartedMain] INFO  o.h.e.t.j.p.i.JtaPlatformInitiator - HHH000489: No JTA platform available (set 'hibernate.transaction.jta.platform' to enable JTA platform integration)
2025-07-31 23:00:28 [restartedMain] INFO  o.s.o.j.LocalContainerEntityManagerFactoryBean - Initialized JPA EntityManagerFactory for persistence unit 'default'
2025-07-31 23:00:28 [restartedMain] DEBUG c.e.m.config.JwtAuthenticationFilter - Filter 'jwtAuthenticationFilter' configured for use
2025-07-31 23:00:28 [restartedMain] WARN  o.s.b.a.o.j.JpaBaseConfiguration$JpaWebConfiguration - spring.jpa.open-in-view is enabled by default. Therefore, database queries may be performed during view rendering. Explicitly configure spring.jpa.open-in-view to disable this warning
2025-07-31 23:00:28 [restartedMain] INFO  o.s.b.a.e.web.EndpointLinksResolver - Exposing 4 endpoints beneath base path '/actuator'
2025-07-31 23:00:28 [restartedMain] INFO  o.s.s.c.a.a.c.InitializeUserDetailsBeanManagerConfigurer$InitializeUserDetailsManagerConfigurer - Global AuthenticationManager configured with UserDetailsService bean with name customUserDetailsService
2025-07-31 23:00:28 [restartedMain] DEBUG o.s.s.web.DefaultSecurityFilterChain - Will secure any request with filters: DisableEncodeUrlFilter, WebAsyncManagerIntegrationFilter, SecurityContextHolderFilter, HeaderWriterFilter, CorsFilter, LogoutFilter, JwtAuthenticationFilter, RequestCacheAwareFilter, SecurityContextHolderAwareRequestFilter, AnonymousAuthenticationFilter, SessionManagementFilter, ExceptionTranslationFilter, AuthorizationFilter
2025-07-31 23:00:28 [restartedMain] INFO  o.s.b.a.h.H2ConsoleAutoConfiguration - H2 console available at '/h2-console'. Database available at 'jdbc:mysql://localhost:3306/muscul_ia_db'
2025-07-31 23:00:28 [restartedMain] INFO  o.s.b.d.a.OptionalLiveReloadServer - LiveReload server is running on port 35729
2025-07-31 23:00:28 [restartedMain] INFO  o.s.b.w.e.tomcat.TomcatWebServer - Tomcat started on port 8080 (http) with context path '/'
2025-07-31 23:00:28 [restartedMain] INFO  c.e.muscul_ia.MusculIaApplication - Started MusculIaApplication in 1.247 seconds (process running for 520.722)
2025-07-31 23:00:28 [restartedMain] INFO  o.s.b.d.a.ConditionEvaluationDeltaLoggingListener - Condition evaluation unchanged
2025-07-31 23:00:47 [File Watcher] INFO  o.s.b.d.a.LocalDevToolsAutoConfiguration$RestartingClassPathChangeChangedEventListener - Restarting due to 1 class path change (0 additions, 0 deletions, 1 modification)
2025-07-31 23:00:47 [Thread-7] INFO  o.s.b.w.e.tomcat.GracefulShutdown - Commencing graceful shutdown. Waiting for active requests to complete
2025-07-31 23:00:48 [tomcat-shutdown] INFO  o.s.b.w.e.tomcat.GracefulShutdown - Graceful shutdown complete
2025-07-31 23:00:48 [http-nio-8080-Acceptor] ERROR org.apache.tomcat.util.net.Acceptor - Socket accept failed
java.nio.channels.AsynchronousCloseException: null
	at java.base/java.nio.channels.spi.AbstractInterruptibleChannel.end(AbstractInterruptibleChannel.java:202) ~[na:na]
	at java.base/sun.nio.ch.ServerSocketChannelImpl.end(ServerSocketChannelImpl.java:376) ~[na:na]
	at java.base/sun.nio.ch.ServerSocketChannelImpl.accept(ServerSocketChannelImpl.java:399) ~[na:na]
	at org.apache.tomcat.util.net.NioEndpoint.serverSocketAccept(NioEndpoint.java:537) ~[tomcat-embed-core-10.1.42.jar:10.1.42]
	at org.apache.tomcat.util.net.NioEndpoint.serverSocketAccept(NioEndpoint.java:72) ~[tomcat-embed-core-10.1.42.jar:10.1.42]
	at org.apache.tomcat.util.net.Acceptor.run(Acceptor.java:127) ~[tomcat-embed-core-10.1.42.jar:10.1.42]
	at java.base/java.lang.Thread.run(Thread.java:842) ~[na:na]
2025-07-31 23:00:48 [Thread-7] INFO  o.s.o.j.LocalContainerEntityManagerFactoryBean - Closing JPA EntityManagerFactory for persistence unit 'default'
2025-07-31 23:00:48 [Thread-7] INFO  com.zaxxer.hikari.HikariDataSource - HikariPool-2 - Shutdown initiated...
2025-07-31 23:00:48 [Thread-7] INFO  com.zaxxer.hikari.HikariDataSource - HikariPool-2 - Shutdown completed.
2025-07-31 23:00:48 [restartedMain] INFO  c.e.muscul_ia.MusculIaApplication - Starting MusculIaApplication using Java 17.0.9 with PID 18316 (C:\Users\cornu\muscul_ia\back_muscul_ia\target\classes started by cornu in C:\Users\cornu\muscul_ia\back_muscul_ia)
2025-07-31 23:00:48 [restartedMain] DEBUG c.e.muscul_ia.MusculIaApplication - Running with Spring Boot v3.5.3, Spring v6.2.8
2025-07-31 23:00:48 [restartedMain] INFO  c.e.muscul_ia.MusculIaApplication - No active profile set, falling back to 1 default profile: "default"
2025-07-31 23:00:48 [restartedMain] INFO  o.s.d.r.c.RepositoryConfigurationDelegate - Bootstrapping Spring Data JPA repositories in DEFAULT mode.
2025-07-31 23:00:48 [restartedMain] INFO  o.s.d.r.c.RepositoryConfigurationDelegate - Finished Spring Data repository scanning in 23 ms. Found 8 JPA repository interfaces.
2025-07-31 23:00:48 [restartedMain] INFO  o.s.b.w.e.tomcat.TomcatWebServer - Tomcat initialized with port 8080 (http)
2025-07-31 23:00:48 [restartedMain] INFO  o.a.catalina.core.StandardService - Starting service [Tomcat]
2025-07-31 23:00:48 [restartedMain] INFO  o.a.catalina.core.StandardEngine - Starting Servlet engine: [Apache Tomcat/10.1.42]
2025-07-31 23:00:48 [restartedMain] INFO  o.a.c.c.C.[Tomcat].[localhost].[/] - Initializing Spring embedded WebApplicationContext
2025-07-31 23:00:48 [restartedMain] INFO  o.s.b.w.s.c.ServletWebServerApplicationContext - Root WebApplicationContext: initialization completed in 345 ms
2025-07-31 23:00:48 [restartedMain] INFO  o.h.jpa.internal.util.LogHelper - HHH000204: Processing PersistenceUnitInfo [name: default]
2025-07-31 23:00:48 [restartedMain] INFO  o.h.c.i.RegionFactoryInitiator - HHH000026: Second-level cache disabled
2025-07-31 23:00:48 [restartedMain] INFO  o.s.o.j.p.SpringPersistenceUnitInfo - No LoadTimeWeaver setup: ignoring JPA class transformer
2025-07-31 23:00:48 [restartedMain] INFO  com.zaxxer.hikari.HikariDataSource - HikariPool-3 - Starting...
2025-07-31 23:00:48 [restartedMain] INFO  com.zaxxer.hikari.pool.HikariPool - HikariPool-3 - Added connection com.mysql.cj.jdbc.ConnectionImpl@64b25052
2025-07-31 23:00:48 [restartedMain] INFO  com.zaxxer.hikari.HikariDataSource - HikariPool-3 - Start completed.
2025-07-31 23:00:48 [restartedMain] WARN  org.hibernate.orm.deprecation - HHH90000025: MySQLDialect does not need to be specified explicitly using 'hibernate.dialect' (remove the property setting and it will be selected by default)
2025-07-31 23:00:48 [restartedMain] INFO  o.hibernate.orm.connections.pooling - HHH10001005: Database info:
	Database JDBC URL [Connecting through datasource 'HikariDataSource (HikariPool-3)']
	Database driver: undefined/unknown
	Database version: 8.0.41
	Autocommit mode: undefined/unknown
	Isolation level: undefined/unknown
	Minimum pool size: undefined/unknown
	Maximum pool size: undefined/unknown
2025-07-31 23:00:49 [restartedMain] INFO  o.h.e.t.j.p.i.JtaPlatformInitiator - HHH000489: No JTA platform available (set 'hibernate.transaction.jta.platform' to enable JTA platform integration)
2025-07-31 23:00:49 [restartedMain] INFO  o.s.o.j.LocalContainerEntityManagerFactoryBean - Initialized JPA EntityManagerFactory for persistence unit 'default'
2025-07-31 23:00:49 [restartedMain] DEBUG c.e.m.config.JwtAuthenticationFilter - Filter 'jwtAuthenticationFilter' configured for use
2025-07-31 23:00:49 [restartedMain] WARN  o.s.b.a.o.j.JpaBaseConfiguration$JpaWebConfiguration - spring.jpa.open-in-view is enabled by default. Therefore, database queries may be performed during view rendering. Explicitly configure spring.jpa.open-in-view to disable this warning
2025-07-31 23:00:49 [restartedMain] INFO  o.s.b.a.e.web.EndpointLinksResolver - Exposing 4 endpoints beneath base path '/actuator'
2025-07-31 23:00:49 [restartedMain] INFO  o.s.s.c.a.a.c.InitializeUserDetailsBeanManagerConfigurer$InitializeUserDetailsManagerConfigurer - Global AuthenticationManager configured with UserDetailsService bean with name customUserDetailsService
2025-07-31 23:00:49 [restartedMain] DEBUG o.s.s.web.DefaultSecurityFilterChain - Will secure any request with filters: DisableEncodeUrlFilter, WebAsyncManagerIntegrationFilter, SecurityContextHolderFilter, HeaderWriterFilter, CorsFilter, LogoutFilter, JwtAuthenticationFilter, RequestCacheAwareFilter, SecurityContextHolderAwareRequestFilter, AnonymousAuthenticationFilter, SessionManagementFilter, ExceptionTranslationFilter, AuthorizationFilter
2025-07-31 23:00:49 [restartedMain] INFO  o.s.b.a.h.H2ConsoleAutoConfiguration - H2 console available at '/h2-console'. Database available at 'jdbc:mysql://localhost:3306/muscul_ia_db'
2025-07-31 23:00:49 [restartedMain] INFO  o.s.b.d.a.OptionalLiveReloadServer - LiveReload server is running on port 35729
2025-07-31 23:00:49 [restartedMain] INFO  o.s.b.w.e.tomcat.TomcatWebServer - Tomcat started on port 8080 (http) with context path '/'
2025-07-31 23:00:49 [restartedMain] INFO  c.e.muscul_ia.MusculIaApplication - Started MusculIaApplication in 0.857 seconds (process running for 541.24)
2025-07-31 23:00:49 [restartedMain] INFO  o.s.b.d.a.ConditionEvaluationDeltaLoggingListener - Condition evaluation unchanged
2025-07-31 23:00:58 [File Watcher] INFO  o.s.b.d.a.LocalDevToolsAutoConfiguration$RestartingClassPathChangeChangedEventListener - Restarting due to 1 class path change (0 additions, 0 deletions, 1 modification)
2025-07-31 23:00:58 [Thread-11] INFO  o.s.b.w.e.tomcat.GracefulShutdown - Commencing graceful shutdown. Waiting for active requests to complete
2025-07-31 23:00:58 [tomcat-shutdown] INFO  o.s.b.w.e.tomcat.GracefulShutdown - Graceful shutdown complete
2025-07-31 23:00:58 [http-nio-8080-Acceptor] ERROR org.apache.tomcat.util.net.Acceptor - Socket accept failed
java.nio.channels.AsynchronousCloseException: null
	at java.base/java.nio.channels.spi.AbstractInterruptibleChannel.end(AbstractInterruptibleChannel.java:202) ~[na:na]
	at java.base/sun.nio.ch.ServerSocketChannelImpl.end(ServerSocketChannelImpl.java:376) ~[na:na]
	at java.base/sun.nio.ch.ServerSocketChannelImpl.accept(ServerSocketChannelImpl.java:399) ~[na:na]
	at org.apache.tomcat.util.net.NioEndpoint.serverSocketAccept(NioEndpoint.java:537) ~[tomcat-embed-core-10.1.42.jar:10.1.42]
	at org.apache.tomcat.util.net.NioEndpoint.serverSocketAccept(NioEndpoint.java:72) ~[tomcat-embed-core-10.1.42.jar:10.1.42]
	at org.apache.tomcat.util.net.Acceptor.run(Acceptor.java:127) ~[tomcat-embed-core-10.1.42.jar:10.1.42]
	at java.base/java.lang.Thread.run(Thread.java:842) ~[na:na]
2025-07-31 23:00:58 [Thread-11] INFO  o.s.o.j.LocalContainerEntityManagerFactoryBean - Closing JPA EntityManagerFactory for persistence unit 'default'
2025-07-31 23:00:58 [Thread-11] INFO  com.zaxxer.hikari.HikariDataSource - HikariPool-3 - Shutdown initiated...
2025-07-31 23:00:58 [Thread-11] INFO  com.zaxxer.hikari.HikariDataSource - HikariPool-3 - Shutdown completed.
2025-07-31 23:00:58 [restartedMain] INFO  c.e.muscul_ia.MusculIaApplication - Starting MusculIaApplication using Java 17.0.9 with PID 18316 (C:\Users\cornu\muscul_ia\back_muscul_ia\target\classes started by cornu in C:\Users\cornu\muscul_ia\back_muscul_ia)
2025-07-31 23:00:58 [restartedMain] DEBUG c.e.muscul_ia.MusculIaApplication - Running with Spring Boot v3.5.3, Spring v6.2.8
2025-07-31 23:00:58 [restartedMain] INFO  c.e.muscul_ia.MusculIaApplication - No active profile set, falling back to 1 default profile: "default"
2025-07-31 23:00:59 [restartedMain] INFO  o.s.d.r.c.RepositoryConfigurationDelegate - Bootstrapping Spring Data JPA repositories in DEFAULT mode.
2025-07-31 23:00:59 [restartedMain] INFO  o.s.d.r.c.RepositoryConfigurationDelegate - Finished Spring Data repository scanning in 21 ms. Found 8 JPA repository interfaces.
2025-07-31 23:00:59 [restartedMain] INFO  o.s.b.w.e.tomcat.TomcatWebServer - Tomcat initialized with port 8080 (http)
2025-07-31 23:00:59 [restartedMain] INFO  o.a.catalina.core.StandardService - Starting service [Tomcat]
2025-07-31 23:00:59 [restartedMain] INFO  o.a.catalina.core.StandardEngine - Starting Servlet engine: [Apache Tomcat/10.1.42]
2025-07-31 23:00:59 [restartedMain] INFO  o.a.c.c.C.[Tomcat].[localhost].[/] - Initializing Spring embedded WebApplicationContext
2025-07-31 23:00:59 [restartedMain] INFO  o.s.b.w.s.c.ServletWebServerApplicationContext - Root WebApplicationContext: initialization completed in 338 ms
2025-07-31 23:00:59 [restartedMain] INFO  o.h.jpa.internal.util.LogHelper - HHH000204: Processing PersistenceUnitInfo [name: default]
2025-07-31 23:00:59 [restartedMain] INFO  o.h.c.i.RegionFactoryInitiator - HHH000026: Second-level cache disabled
2025-07-31 23:00:59 [restartedMain] INFO  o.s.o.j.p.SpringPersistenceUnitInfo - No LoadTimeWeaver setup: ignoring JPA class transformer
2025-07-31 23:00:59 [restartedMain] INFO  com.zaxxer.hikari.HikariDataSource - HikariPool-4 - Starting...
2025-07-31 23:00:59 [restartedMain] INFO  com.zaxxer.hikari.pool.HikariPool - HikariPool-4 - Added connection com.mysql.cj.jdbc.ConnectionImpl@5730b008
2025-07-31 23:00:59 [restartedMain] INFO  com.zaxxer.hikari.HikariDataSource - HikariPool-4 - Start completed.
2025-07-31 23:00:59 [restartedMain] WARN  org.hibernate.orm.deprecation - HHH90000025: MySQLDialect does not need to be specified explicitly using 'hibernate.dialect' (remove the property setting and it will be selected by default)
2025-07-31 23:00:59 [restartedMain] INFO  o.hibernate.orm.connections.pooling - HHH10001005: Database info:
	Database JDBC URL [Connecting through datasource 'HikariDataSource (HikariPool-4)']
	Database driver: undefined/unknown
	Database version: 8.0.41
	Autocommit mode: undefined/unknown
	Isolation level: undefined/unknown
	Minimum pool size: undefined/unknown
	Maximum pool size: undefined/unknown
2025-07-31 23:00:59 [restartedMain] INFO  o.h.e.t.j.p.i.JtaPlatformInitiator - HHH000489: No JTA platform available (set 'hibernate.transaction.jta.platform' to enable JTA platform integration)
2025-07-31 23:00:59 [restartedMain] INFO  o.s.o.j.LocalContainerEntityManagerFactoryBean - Initialized JPA EntityManagerFactory for persistence unit 'default'
2025-07-31 23:00:59 [restartedMain] DEBUG c.e.m.config.JwtAuthenticationFilter - Filter 'jwtAuthenticationFilter' configured for use
2025-07-31 23:00:59 [restartedMain] WARN  o.s.b.a.o.j.JpaBaseConfiguration$JpaWebConfiguration - spring.jpa.open-in-view is enabled by default. Therefore, database queries may be performed during view rendering. Explicitly configure spring.jpa.open-in-view to disable this warning
2025-07-31 23:00:59 [restartedMain] INFO  o.s.b.a.e.web.EndpointLinksResolver - Exposing 4 endpoints beneath base path '/actuator'
2025-07-31 23:00:59 [restartedMain] INFO  o.s.s.c.a.a.c.InitializeUserDetailsBeanManagerConfigurer$InitializeUserDetailsManagerConfigurer - Global AuthenticationManager configured with UserDetailsService bean with name customUserDetailsService
2025-07-31 23:00:59 [restartedMain] DEBUG o.s.s.web.DefaultSecurityFilterChain - Will secure any request with filters: DisableEncodeUrlFilter, WebAsyncManagerIntegrationFilter, SecurityContextHolderFilter, HeaderWriterFilter, CorsFilter, LogoutFilter, JwtAuthenticationFilter, RequestCacheAwareFilter, SecurityContextHolderAwareRequestFilter, AnonymousAuthenticationFilter, SessionManagementFilter, ExceptionTranslationFilter, AuthorizationFilter
2025-07-31 23:00:59 [restartedMain] INFO  o.s.b.a.h.H2ConsoleAutoConfiguration - H2 console available at '/h2-console'. Database available at 'jdbc:mysql://localhost:3306/muscul_ia_db'
2025-07-31 23:00:59 [restartedMain] INFO  o.s.b.d.a.OptionalLiveReloadServer - LiveReload server is running on port 35729
2025-07-31 23:00:59 [restartedMain] INFO  o.s.b.w.e.tomcat.TomcatWebServer - Tomcat started on port 8080 (http) with context path '/'
2025-07-31 23:00:59 [restartedMain] INFO  c.e.muscul_ia.MusculIaApplication - Started MusculIaApplication in 0.934 seconds (process running for 551.565)
2025-07-31 23:00:59 [restartedMain] INFO  o.s.b.d.a.ConditionEvaluationDeltaLoggingListener - Condition evaluation unchanged
2025-07-31 23:01:14 [File Watcher] INFO  o.s.b.d.a.LocalDevToolsAutoConfiguration$RestartingClassPathChangeChangedEventListener - Restarting due to 1 class path change (0 additions, 0 deletions, 1 modification)
2025-07-31 23:01:14 [Thread-15] INFO  o.s.b.w.e.tomcat.GracefulShutdown - Commencing graceful shutdown. Waiting for active requests to complete
2025-07-31 23:01:15 [tomcat-shutdown] INFO  o.s.b.w.e.tomcat.GracefulShutdown - Graceful shutdown complete
2025-07-31 23:01:15 [http-nio-8080-Acceptor] ERROR org.apache.tomcat.util.net.Acceptor - Socket accept failed
java.nio.channels.AsynchronousCloseException: null
	at java.base/java.nio.channels.spi.AbstractInterruptibleChannel.end(AbstractInterruptibleChannel.java:202) ~[na:na]
	at java.base/sun.nio.ch.ServerSocketChannelImpl.end(ServerSocketChannelImpl.java:376) ~[na:na]
	at java.base/sun.nio.ch.ServerSocketChannelImpl.accept(ServerSocketChannelImpl.java:399) ~[na:na]
	at org.apache.tomcat.util.net.NioEndpoint.serverSocketAccept(NioEndpoint.java:537) ~[tomcat-embed-core-10.1.42.jar:10.1.42]
	at org.apache.tomcat.util.net.NioEndpoint.serverSocketAccept(NioEndpoint.java:72) ~[tomcat-embed-core-10.1.42.jar:10.1.42]
	at org.apache.tomcat.util.net.Acceptor.run(Acceptor.java:127) ~[tomcat-embed-core-10.1.42.jar:10.1.42]
	at java.base/java.lang.Thread.run(Thread.java:842) ~[na:na]
2025-07-31 23:01:15 [Thread-15] INFO  o.s.o.j.LocalContainerEntityManagerFactoryBean - Closing JPA EntityManagerFactory for persistence unit 'default'
2025-07-31 23:01:15 [Thread-15] INFO  com.zaxxer.hikari.HikariDataSource - HikariPool-4 - Shutdown initiated...
2025-07-31 23:01:15 [Thread-15] INFO  com.zaxxer.hikari.HikariDataSource - HikariPool-4 - Shutdown completed.
2025-07-31 23:01:15 [restartedMain] INFO  c.e.muscul_ia.MusculIaApplication - Starting MusculIaApplication using Java 17.0.9 with PID 18316 (C:\Users\cornu\muscul_ia\back_muscul_ia\target\classes started by cornu in C:\Users\cornu\muscul_ia\back_muscul_ia)
2025-07-31 23:01:15 [restartedMain] DEBUG c.e.muscul_ia.MusculIaApplication - Running with Spring Boot v3.5.3, Spring v6.2.8
2025-07-31 23:01:15 [restartedMain] INFO  c.e.muscul_ia.MusculIaApplication - No active profile set, falling back to 1 default profile: "default"
2025-07-31 23:01:15 [restartedMain] INFO  o.s.d.r.c.RepositoryConfigurationDelegate - Bootstrapping Spring Data JPA repositories in DEFAULT mode.
2025-07-31 23:01:15 [restartedMain] INFO  o.s.d.r.c.RepositoryConfigurationDelegate - Finished Spring Data repository scanning in 19 ms. Found 8 JPA repository interfaces.
2025-07-31 23:01:15 [restartedMain] INFO  o.s.b.w.e.tomcat.TomcatWebServer - Tomcat initialized with port 8080 (http)
2025-07-31 23:01:15 [restartedMain] INFO  o.a.catalina.core.StandardService - Starting service [Tomcat]
2025-07-31 23:01:15 [restartedMain] INFO  o.a.catalina.core.StandardEngine - Starting Servlet engine: [Apache Tomcat/10.1.42]
2025-07-31 23:01:15 [restartedMain] INFO  o.a.c.c.C.[Tomcat].[localhost].[/] - Initializing Spring embedded WebApplicationContext
2025-07-31 23:01:15 [restartedMain] INFO  o.s.b.w.s.c.ServletWebServerApplicationContext - Root WebApplicationContext: initialization completed in 359 ms
2025-07-31 23:01:15 [restartedMain] INFO  o.h.jpa.internal.util.LogHelper - HHH000204: Processing PersistenceUnitInfo [name: default]
2025-07-31 23:01:15 [restartedMain] INFO  o.h.c.i.RegionFactoryInitiator - HHH000026: Second-level cache disabled
2025-07-31 23:01:15 [restartedMain] INFO  o.s.o.j.p.SpringPersistenceUnitInfo - No LoadTimeWeaver setup: ignoring JPA class transformer
2025-07-31 23:01:15 [restartedMain] INFO  com.zaxxer.hikari.HikariDataSource - HikariPool-5 - Starting...
2025-07-31 23:01:15 [restartedMain] INFO  com.zaxxer.hikari.pool.HikariPool - HikariPool-5 - Added connection com.mysql.cj.jdbc.ConnectionImpl@60a9792a
2025-07-31 23:01:15 [restartedMain] INFO  com.zaxxer.hikari.HikariDataSource - HikariPool-5 - Start completed.
2025-07-31 23:01:15 [restartedMain] WARN  org.hibernate.orm.deprecation - HHH90000025: MySQLDialect does not need to be specified explicitly using 'hibernate.dialect' (remove the property setting and it will be selected by default)
2025-07-31 23:01:15 [restartedMain] INFO  o.hibernate.orm.connections.pooling - HHH10001005: Database info:
	Database JDBC URL [Connecting through datasource 'HikariDataSource (HikariPool-5)']
	Database driver: undefined/unknown
	Database version: 8.0.41
	Autocommit mode: undefined/unknown
	Isolation level: undefined/unknown
	Minimum pool size: undefined/unknown
	Maximum pool size: undefined/unknown
2025-07-31 23:01:15 [restartedMain] INFO  o.h.e.t.j.p.i.JtaPlatformInitiator - HHH000489: No JTA platform available (set 'hibernate.transaction.jta.platform' to enable JTA platform integration)
2025-07-31 23:01:15 [restartedMain] INFO  o.s.o.j.LocalContainerEntityManagerFactoryBean - Initialized JPA EntityManagerFactory for persistence unit 'default'
2025-07-31 23:01:15 [restartedMain] DEBUG c.e.m.config.JwtAuthenticationFilter - Filter 'jwtAuthenticationFilter' configured for use
2025-07-31 23:01:15 [restartedMain] WARN  o.s.b.a.o.j.JpaBaseConfiguration$JpaWebConfiguration - spring.jpa.open-in-view is enabled by default. Therefore, database queries may be performed during view rendering. Explicitly configure spring.jpa.open-in-view to disable this warning
2025-07-31 23:01:16 [restartedMain] INFO  o.s.b.a.e.web.EndpointLinksResolver - Exposing 4 endpoints beneath base path '/actuator'
2025-07-31 23:01:16 [restartedMain] INFO  o.s.s.c.a.a.c.InitializeUserDetailsBeanManagerConfigurer$InitializeUserDetailsManagerConfigurer - Global AuthenticationManager configured with UserDetailsService bean with name customUserDetailsService
2025-07-31 23:01:16 [restartedMain] DEBUG o.s.s.web.DefaultSecurityFilterChain - Will secure any request with filters: DisableEncodeUrlFilter, WebAsyncManagerIntegrationFilter, SecurityContextHolderFilter, HeaderWriterFilter, CorsFilter, LogoutFilter, JwtAuthenticationFilter, RequestCacheAwareFilter, SecurityContextHolderAwareRequestFilter, AnonymousAuthenticationFilter, SessionManagementFilter, ExceptionTranslationFilter, AuthorizationFilter
2025-07-31 23:01:16 [restartedMain] INFO  o.s.b.a.h.H2ConsoleAutoConfiguration - H2 console available at '/h2-console'. Database available at 'jdbc:mysql://localhost:3306/muscul_ia_db'
2025-07-31 23:01:16 [restartedMain] INFO  o.s.b.d.a.OptionalLiveReloadServer - LiveReload server is running on port 35729
2025-07-31 23:01:16 [restartedMain] INFO  o.s.b.w.e.tomcat.TomcatWebServer - Tomcat started on port 8080 (http) with context path '/'
2025-07-31 23:01:16 [restartedMain] INFO  c.e.muscul_ia.MusculIaApplication - Started MusculIaApplication in 0.853 seconds (process running for 567.922)
2025-07-31 23:01:16 [restartedMain] INFO  o.s.b.d.a.ConditionEvaluationDeltaLoggingListener - Condition evaluation unchanged
2025-07-31 23:01:48 [http-nio-8080-exec-1] INFO  o.a.c.c.C.[Tomcat].[localhost].[/] - Initializing Spring DispatcherServlet 'dispatcherServlet'
2025-07-31 23:01:48 [http-nio-8080-exec-1] INFO  o.s.web.servlet.DispatcherServlet - Initializing Servlet 'dispatcherServlet'
2025-07-31 23:01:48 [http-nio-8080-exec-1] INFO  o.s.web.servlet.DispatcherServlet - Completed initialization in 1 ms
2025-07-31 23:01:48 [http-nio-8080-exec-1] DEBUG o.s.security.web.FilterChainProxy - Securing OPTIONS /api/program-exercises/program/60
2025-07-31 23:01:48 [http-nio-8080-exec-2] DEBUG o.s.security.web.FilterChainProxy - Securing GET /api/program-exercises/program/60
2025-07-31 23:01:48 [http-nio-8080-exec-2] DEBUG org.hibernate.SQL - 
    select
        u1_0.id,
        u1_0.creation_date,
        u1_0.email,
        u1_0.password 
    from
        user u1_0 
    where
        u1_0.email=?
2025-07-31 23:01:48 [http-nio-8080-exec-2] DEBUG org.hibernate.SQL - 
    select
        up1_0.id,
        up1_0.age,
        up1_0.created_at,
        up1_0.date_of_birth,
        up1_0.first_name,
        up1_0.last_name,
        up1_0.phone_number,
        up1_0.updated_at,
        up1_0.user_id 
    from
        user_profile up1_0 
    where
        up1_0.user_id=?
2025-07-31 23:01:48 [http-nio-8080-exec-2] DEBUG o.s.security.web.FilterChainProxy - Secured GET /api/program-exercises/program/60
2025-07-31 23:01:48 [http-nio-8080-exec-2] DEBUG org.hibernate.SQL - 
    select
        pe1_0.id,
        pe1_0.created_at,
        pe1_0.distance_meters,
        pe1_0.duration_seconds,
        pe1_0.exercise_id,
        e1_0.id,
        e1_0.category,
        e1_0.created_at,
        e1_0.description,
        e1_0.difficulty_level,
        e1_0.equipment_needed,
        e1_0.image_url,
        e1_0.is_active,
        e1_0.muscle_group,
        e1_0.name,
        e1_0.updated_at,
        e1_0.video_url,
        pe1_0.is_optional,
        pe1_0.notes,
        pe1_0.order_in_program,
        pe1_0.reps_count,
        pe1_0.rest_duration_seconds,
        pe1_0.sets_count,
        pe1_0.training_program_id,
        pe1_0.updated_at,
        pe1_0.weight_kg 
    from
        program_exercises pe1_0 
    join
        exercises e1_0 
            on e1_0.id=pe1_0.exercise_id 
    where
        pe1_0.training_program_id=? 
    order by
        pe1_0.order_in_program
2025-07-31 23:01:51 [http-nio-8080-exec-3] DEBUG o.s.security.web.FilterChainProxy - Securing OPTIONS /api/training-sessions
2025-07-31 23:01:51 [http-nio-8080-exec-4] DEBUG o.s.security.web.FilterChainProxy - Securing POST /api/training-sessions
2025-07-31 23:01:51 [http-nio-8080-exec-4] DEBUG org.hibernate.SQL - 
    select
        u1_0.id,
        u1_0.creation_date,
        u1_0.email,
        u1_0.password 
    from
        user u1_0 
    where
        u1_0.email=?
2025-07-31 23:01:51 [http-nio-8080-exec-4] DEBUG org.hibernate.SQL - 
    select
        up1_0.id,
        up1_0.age,
        up1_0.created_at,
        up1_0.date_of_birth,
        up1_0.first_name,
        up1_0.last_name,
        up1_0.phone_number,
        up1_0.updated_at,
        up1_0.user_id 
    from
        user_profile up1_0 
    where
        up1_0.user_id=?
2025-07-31 23:01:51 [http-nio-8080-exec-4] DEBUG o.s.security.web.FilterChainProxy - Secured POST /api/training-sessions
2025-07-31 23:01:51 [http-nio-8080-exec-4] DEBUG org.hibernate.SQL - 
    select
        u1_0.id,
        u1_0.creation_date,
        u1_0.email,
        u1_0.password 
    from
        user u1_0 
    where
        u1_0.email=?
2025-07-31 23:01:51 [http-nio-8080-exec-4] DEBUG org.hibernate.SQL - 
    select
        up1_0.id,
        up1_0.age,
        up1_0.created_at,
        up1_0.date_of_birth,
        up1_0.first_name,
        up1_0.last_name,
        up1_0.phone_number,
        up1_0.updated_at,
        up1_0.user_id 
    from
        user_profile up1_0 
    where
        up1_0.user_id=?
2025-07-31 23:01:51 [http-nio-8080-exec-4] DEBUG org.hibernate.SQL - 
    select
        tp1_0.id,
        tp1_0.category,
        tp1_0.created_at,
        tp1_0.created_by_user_id,
        tp1_0.description,
        tp1_0.difficulty_level,
        tp1_0.duration_weeks,
        tp1_0.equipment_required,
        tp1_0.estimated_duration_minutes,
        tp1_0.image_url,
        tp1_0.is_active,
        tp1_0.is_public,
        tp1_0.name,
        tp1_0.sessions_per_week,
        tp1_0.target_audience,
        tp1_0.updated_at 
    from
        training_programs tp1_0 
    where
        tp1_0.id=?
2025-07-31 23:01:51 [http-nio-8080-exec-4] DEBUG org.hibernate.SQL - 
    insert 
    into
        training_sessions
        (created_at, description, duration_minutes, name, session_date, session_type, training_program_id, updated_at, user_id) 
    values
        (?, ?, ?, ?, ?, ?, ?, ?, ?)
2025-07-31 23:05:30 [http-nio-8080-exec-6] DEBUG o.s.security.web.FilterChainProxy - Securing OPTIONS /api/training-sessions
2025-07-31 23:05:30 [http-nio-8080-exec-7] DEBUG o.s.security.web.FilterChainProxy - Securing GET /api/training-sessions
2025-07-31 23:05:30 [http-nio-8080-exec-7] DEBUG org.hibernate.SQL - 
    select
        u1_0.id,
        u1_0.creation_date,
        u1_0.email,
        u1_0.password 
    from
        user u1_0 
    where
        u1_0.email=?
2025-07-31 23:05:30 [http-nio-8080-exec-7] DEBUG org.hibernate.SQL - 
    select
        up1_0.id,
        up1_0.age,
        up1_0.created_at,
        up1_0.date_of_birth,
        up1_0.first_name,
        up1_0.last_name,
        up1_0.phone_number,
        up1_0.updated_at,
        up1_0.user_id 
    from
        user_profile up1_0 
    where
        up1_0.user_id=?
2025-07-31 23:05:30 [http-nio-8080-exec-7] DEBUG o.s.security.web.FilterChainProxy - Secured GET /api/training-sessions
2025-07-31 23:05:30 [http-nio-8080-exec-7] DEBUG org.hibernate.SQL - 
    select
        u1_0.id,
        u1_0.creation_date,
        u1_0.email,
        u1_0.password 
    from
        user u1_0 
    where
        u1_0.email=?
2025-07-31 23:05:30 [http-nio-8080-exec-7] DEBUG org.hibernate.SQL - 
    select
        up1_0.id,
        up1_0.age,
        up1_0.created_at,
        up1_0.date_of_birth,
        up1_0.first_name,
        up1_0.last_name,
        up1_0.phone_number,
        up1_0.updated_at,
        up1_0.user_id 
    from
        user_profile up1_0 
    where
        up1_0.user_id=?
2025-07-31 23:05:30 [http-nio-8080-exec-7] DEBUG org.hibernate.SQL - 
    select
        ts1_0.id,
        ts1_0.created_at,
        ts1_0.description,
        ts1_0.duration_minutes,
        ts1_0.name,
        ts1_0.session_date,
        ts1_0.session_type,
        tp1_0.id,
        tp1_0.category,
        tp1_0.created_at,
        tp1_0.created_by_user_id,
        tp1_0.description,
        tp1_0.difficulty_level,
        tp1_0.duration_weeks,
        tp1_0.equipment_required,
        tp1_0.estimated_duration_minutes,
        tp1_0.image_url,
        tp1_0.is_active,
        tp1_0.is_public,
        tp1_0.name,
        tp1_0.sessions_per_week,
        tp1_0.target_audience,
        tp1_0.updated_at,
        ts1_0.updated_at,
        ts1_0.user_id 
    from
        training_sessions ts1_0 
    left join
        training_programs tp1_0 
            on tp1_0.id=ts1_0.training_program_id 
    where
        ts1_0.user_id=? 
    order by
        ts1_0.session_date desc
2025-07-31 23:05:35 [http-nio-8080-exec-8] DEBUG o.s.security.web.FilterChainProxy - Securing OPTIONS /api/training-programs/public
2025-07-31 23:05:35 [http-nio-8080-exec-9] DEBUG o.s.security.web.FilterChainProxy - Securing GET /api/training-programs/public
2025-07-31 23:05:35 [http-nio-8080-exec-9] DEBUG org.hibernate.SQL - 
    select
        u1_0.id,
        u1_0.creation_date,
        u1_0.email,
        u1_0.password 
    from
        user u1_0 
    where
        u1_0.email=?
2025-07-31 23:05:35 [http-nio-8080-exec-9] DEBUG org.hibernate.SQL - 
    select
        up1_0.id,
        up1_0.age,
        up1_0.created_at,
        up1_0.date_of_birth,
        up1_0.first_name,
        up1_0.last_name,
        up1_0.phone_number,
        up1_0.updated_at,
        up1_0.user_id 
    from
        user_profile up1_0 
    where
        up1_0.user_id=?
2025-07-31 23:05:35 [http-nio-8080-exec-9] DEBUG o.s.security.web.FilterChainProxy - Secured GET /api/training-programs/public
2025-07-31 23:05:35 [http-nio-8080-exec-9] DEBUG org.hibernate.SQL - 
    select
        tp1_0.id,
        tp1_0.category,
        tp1_0.created_at,
        tp1_0.created_by_user_id,
        tp1_0.description,
        tp1_0.difficulty_level,
        tp1_0.duration_weeks,
        tp1_0.equipment_required,
        tp1_0.estimated_duration_minutes,
        tp1_0.image_url,
        tp1_0.is_active,
        tp1_0.is_public,
        tp1_0.name,
        tp1_0.sessions_per_week,
        tp1_0.target_audience,
        tp1_0.updated_at 
    from
        training_programs tp1_0 
    where
        tp1_0.is_public 
        and tp1_0.is_active
2025-07-31 23:05:40 [http-nio-8080-exec-10] DEBUG o.s.security.web.FilterChainProxy - Securing OPTIONS /api/user-training-programs/user/15
2025-07-31 23:05:40 [http-nio-8080-exec-1] DEBUG o.s.security.web.FilterChainProxy - Securing GET /api/user-training-programs/user/15
2025-07-31 23:05:40 [http-nio-8080-exec-1] DEBUG org.hibernate.SQL - 
    select
        u1_0.id,
        u1_0.creation_date,
        u1_0.email,
        u1_0.password 
    from
        user u1_0 
    where
        u1_0.email=?
2025-07-31 23:05:40 [http-nio-8080-exec-1] DEBUG org.hibernate.SQL - 
    select
        up1_0.id,
        up1_0.age,
        up1_0.created_at,
        up1_0.date_of_birth,
        up1_0.first_name,
        up1_0.last_name,
        up1_0.phone_number,
        up1_0.updated_at,
        up1_0.user_id 
    from
        user_profile up1_0 
    where
        up1_0.user_id=?
2025-07-31 23:05:40 [http-nio-8080-exec-1] DEBUG o.s.security.web.FilterChainProxy - Secured GET /api/user-training-programs/user/15
2025-07-31 23:05:40 [http-nio-8080-exec-1] DEBUG org.hibernate.SQL - 
    select
        u1_0.id,
        u1_0.creation_date,
        u1_0.email,
        u1_0.password 
    from
        user u1_0 
    where
        u1_0.email=?
2025-07-31 23:05:40 [http-nio-8080-exec-1] DEBUG org.hibernate.SQL - 
    select
        up1_0.id,
        up1_0.age,
        up1_0.created_at,
        up1_0.date_of_birth,
        up1_0.first_name,
        up1_0.last_name,
        up1_0.phone_number,
        up1_0.updated_at,
        up1_0.user_id 
    from
        user_profile up1_0 
    where
        up1_0.user_id=?
2025-07-31 23:05:40 [http-nio-8080-exec-1] DEBUG org.hibernate.SQL - 
    select
        utp1_0.id,
        utp1_0.training_program_id,
        tp1_0.id,
        tp1_0.category,
        tp1_0.created_at,
        tp1_0.created_by_user_id,
        tp1_0.description,
        tp1_0.difficulty_level,
        tp1_0.duration_weeks,
        tp1_0.equipment_required,
        tp1_0.estimated_duration_minutes,
        tp1_0.image_url,
        tp1_0.is_active,
        tp1_0.is_public,
        tp1_0.name,
        tp1_0.sessions_per_week,
        tp1_0.target_audience,
        tp1_0.updated_at,
        utp1_0.user_id 
    from
        user_training_programs utp1_0 
    join
        training_programs tp1_0 
            on tp1_0.id=utp1_0.training_program_id 
    where
        utp1_0.user_id=?
2025-07-31 23:05:48 [http-nio-8080-exec-2] DEBUG o.s.security.web.FilterChainProxy - Securing OPTIONS /api/training-sessions
2025-07-31 23:05:48 [http-nio-8080-exec-3] DEBUG o.s.security.web.FilterChainProxy - Securing GET /api/training-sessions
2025-07-31 23:05:48 [http-nio-8080-exec-3] DEBUG org.hibernate.SQL - 
    select
        u1_0.id,
        u1_0.creation_date,
        u1_0.email,
        u1_0.password 
    from
        user u1_0 
    where
        u1_0.email=?
2025-07-31 23:05:48 [http-nio-8080-exec-3] DEBUG org.hibernate.SQL - 
    select
        up1_0.id,
        up1_0.age,
        up1_0.created_at,
        up1_0.date_of_birth,
        up1_0.first_name,
        up1_0.last_name,
        up1_0.phone_number,
        up1_0.updated_at,
        up1_0.user_id 
    from
        user_profile up1_0 
    where
        up1_0.user_id=?
2025-07-31 23:05:48 [http-nio-8080-exec-3] DEBUG o.s.security.web.FilterChainProxy - Secured GET /api/training-sessions
2025-07-31 23:05:48 [http-nio-8080-exec-3] DEBUG org.hibernate.SQL - 
    select
        u1_0.id,
        u1_0.creation_date,
        u1_0.email,
        u1_0.password 
    from
        user u1_0 
    where
        u1_0.email=?
2025-07-31 23:05:48 [http-nio-8080-exec-3] DEBUG org.hibernate.SQL - 
    select
        up1_0.id,
        up1_0.age,
        up1_0.created_at,
        up1_0.date_of_birth,
        up1_0.first_name,
        up1_0.last_name,
        up1_0.phone_number,
        up1_0.updated_at,
        up1_0.user_id 
    from
        user_profile up1_0 
    where
        up1_0.user_id=?
2025-07-31 23:05:48 [http-nio-8080-exec-3] DEBUG org.hibernate.SQL - 
    select
        ts1_0.id,
        ts1_0.created_at,
        ts1_0.description,
        ts1_0.duration_minutes,
        ts1_0.name,
        ts1_0.session_date,
        ts1_0.session_type,
        tp1_0.id,
        tp1_0.category,
        tp1_0.created_at,
        tp1_0.created_by_user_id,
        tp1_0.description,
        tp1_0.difficulty_level,
        tp1_0.duration_weeks,
        tp1_0.equipment_required,
        tp1_0.estimated_duration_minutes,
        tp1_0.image_url,
        tp1_0.is_active,
        tp1_0.is_public,
        tp1_0.name,
        tp1_0.sessions_per_week,
        tp1_0.target_audience,
        tp1_0.updated_at,
        ts1_0.updated_at,
        ts1_0.user_id 
    from
        training_sessions ts1_0 
    left join
        training_programs tp1_0 
            on tp1_0.id=ts1_0.training_program_id 
    where
        ts1_0.user_id=? 
    order by
        ts1_0.session_date desc
2025-07-31 23:06:50 [http-nio-8080-exec-5] DEBUG o.s.security.web.FilterChainProxy - Securing OPTIONS /api/training-programs/public
2025-07-31 23:06:50 [http-nio-8080-exec-6] DEBUG o.s.security.web.FilterChainProxy - Securing GET /api/training-programs/public
2025-07-31 23:06:50 [http-nio-8080-exec-6] DEBUG org.hibernate.SQL - 
    select
        u1_0.id,
        u1_0.creation_date,
        u1_0.email,
        u1_0.password 
    from
        user u1_0 
    where
        u1_0.email=?
2025-07-31 23:06:50 [http-nio-8080-exec-6] DEBUG org.hibernate.SQL - 
    select
        up1_0.id,
        up1_0.age,
        up1_0.created_at,
        up1_0.date_of_birth,
        up1_0.first_name,
        up1_0.last_name,
        up1_0.phone_number,
        up1_0.updated_at,
        up1_0.user_id 
    from
        user_profile up1_0 
    where
        up1_0.user_id=?
2025-07-31 23:06:50 [http-nio-8080-exec-6] DEBUG o.s.security.web.FilterChainProxy - Secured GET /api/training-programs/public
2025-07-31 23:06:50 [http-nio-8080-exec-6] DEBUG org.hibernate.SQL - 
    select
        tp1_0.id,
        tp1_0.category,
        tp1_0.created_at,
        tp1_0.created_by_user_id,
        tp1_0.description,
        tp1_0.difficulty_level,
        tp1_0.duration_weeks,
        tp1_0.equipment_required,
        tp1_0.estimated_duration_minutes,
        tp1_0.image_url,
        tp1_0.is_active,
        tp1_0.is_public,
        tp1_0.name,
        tp1_0.sessions_per_week,
        tp1_0.target_audience,
        tp1_0.updated_at 
    from
        training_programs tp1_0 
    where
        tp1_0.is_public 
        and tp1_0.is_active
2025-07-31 23:07:13 [http-nio-8080-exec-7] DEBUG o.s.security.web.FilterChainProxy - Securing OPTIONS /api/training-programs/public
2025-07-31 23:07:13 [http-nio-8080-exec-8] DEBUG o.s.security.web.FilterChainProxy - Securing GET /api/training-programs/public
2025-07-31 23:07:13 [http-nio-8080-exec-8] DEBUG org.hibernate.SQL - 
    select
        u1_0.id,
        u1_0.creation_date,
        u1_0.email,
        u1_0.password 
    from
        user u1_0 
    where
        u1_0.email=?
2025-07-31 23:07:13 [http-nio-8080-exec-8] DEBUG org.hibernate.SQL - 
    select
        up1_0.id,
        up1_0.age,
        up1_0.created_at,
        up1_0.date_of_birth,
        up1_0.first_name,
        up1_0.last_name,
        up1_0.phone_number,
        up1_0.updated_at,
        up1_0.user_id 
    from
        user_profile up1_0 
    where
        up1_0.user_id=?
2025-07-31 23:07:13 [http-nio-8080-exec-8] DEBUG o.s.security.web.FilterChainProxy - Secured GET /api/training-programs/public
2025-07-31 23:07:13 [http-nio-8080-exec-8] DEBUG org.hibernate.SQL - 
    select
        tp1_0.id,
        tp1_0.category,
        tp1_0.created_at,
        tp1_0.created_by_user_id,
        tp1_0.description,
        tp1_0.difficulty_level,
        tp1_0.duration_weeks,
        tp1_0.equipment_required,
        tp1_0.estimated_duration_minutes,
        tp1_0.image_url,
        tp1_0.is_active,
        tp1_0.is_public,
        tp1_0.name,
        tp1_0.sessions_per_week,
        tp1_0.target_audience,
        tp1_0.updated_at 
    from
        training_programs tp1_0 
    where
        tp1_0.is_public 
        and tp1_0.is_active
2025-07-31 23:07:55 [http-nio-8080-exec-9] DEBUG o.s.security.web.FilterChainProxy - Securing OPTIONS /api/training-sessions
2025-07-31 23:07:55 [http-nio-8080-exec-10] DEBUG o.s.security.web.FilterChainProxy - Securing GET /api/training-sessions
2025-07-31 23:07:55 [http-nio-8080-exec-10] DEBUG org.hibernate.SQL - 
    select
        u1_0.id,
        u1_0.creation_date,
        u1_0.email,
        u1_0.password 
    from
        user u1_0 
    where
        u1_0.email=?
2025-07-31 23:07:55 [http-nio-8080-exec-10] DEBUG org.hibernate.SQL - 
    select
        up1_0.id,
        up1_0.age,
        up1_0.created_at,
        up1_0.date_of_birth,
        up1_0.first_name,
        up1_0.last_name,
        up1_0.phone_number,
        up1_0.updated_at,
        up1_0.user_id 
    from
        user_profile up1_0 
    where
        up1_0.user_id=?
2025-07-31 23:07:55 [http-nio-8080-exec-10] DEBUG o.s.security.web.FilterChainProxy - Secured GET /api/training-sessions
2025-07-31 23:07:55 [http-nio-8080-exec-10] DEBUG org.hibernate.SQL - 
    select
        u1_0.id,
        u1_0.creation_date,
        u1_0.email,
        u1_0.password 
    from
        user u1_0 
    where
        u1_0.email=?
2025-07-31 23:07:55 [http-nio-8080-exec-10] DEBUG org.hibernate.SQL - 
    select
        up1_0.id,
        up1_0.age,
        up1_0.created_at,
        up1_0.date_of_birth,
        up1_0.first_name,
        up1_0.last_name,
        up1_0.phone_number,
        up1_0.updated_at,
        up1_0.user_id 
    from
        user_profile up1_0 
    where
        up1_0.user_id=?
2025-07-31 23:07:55 [http-nio-8080-exec-10] DEBUG org.hibernate.SQL - 
    select
        ts1_0.id,
        ts1_0.created_at,
        ts1_0.description,
        ts1_0.duration_minutes,
        ts1_0.name,
        ts1_0.session_date,
        ts1_0.session_type,
        tp1_0.id,
        tp1_0.category,
        tp1_0.created_at,
        tp1_0.created_by_user_id,
        tp1_0.description,
        tp1_0.difficulty_level,
        tp1_0.duration_weeks,
        tp1_0.equipment_required,
        tp1_0.estimated_duration_minutes,
        tp1_0.image_url,
        tp1_0.is_active,
        tp1_0.is_public,
        tp1_0.name,
        tp1_0.sessions_per_week,
        tp1_0.target_audience,
        tp1_0.updated_at,
        ts1_0.updated_at,
        ts1_0.user_id 
    from
        training_sessions ts1_0 
    left join
        training_programs tp1_0 
            on tp1_0.id=ts1_0.training_program_id 
    where
        ts1_0.user_id=? 
    order by
        ts1_0.session_date desc
2025-07-31 23:07:58 [http-nio-8080-exec-1] DEBUG o.s.security.web.FilterChainProxy - Securing OPTIONS /api/training-programs/public
2025-07-31 23:07:58 [http-nio-8080-exec-2] DEBUG o.s.security.web.FilterChainProxy - Securing GET /api/training-programs/public
2025-07-31 23:07:58 [http-nio-8080-exec-2] DEBUG org.hibernate.SQL - 
    select
        u1_0.id,
        u1_0.creation_date,
        u1_0.email,
        u1_0.password 
    from
        user u1_0 
    where
        u1_0.email=?
2025-07-31 23:07:58 [http-nio-8080-exec-2] DEBUG org.hibernate.SQL - 
    select
        up1_0.id,
        up1_0.age,
        up1_0.created_at,
        up1_0.date_of_birth,
        up1_0.first_name,
        up1_0.last_name,
        up1_0.phone_number,
        up1_0.updated_at,
        up1_0.user_id 
    from
        user_profile up1_0 
    where
        up1_0.user_id=?
2025-07-31 23:07:58 [http-nio-8080-exec-2] DEBUG o.s.security.web.FilterChainProxy - Secured GET /api/training-programs/public
2025-07-31 23:07:58 [http-nio-8080-exec-2] DEBUG org.hibernate.SQL - 
    select
        tp1_0.id,
        tp1_0.category,
        tp1_0.created_at,
        tp1_0.created_by_user_id,
        tp1_0.description,
        tp1_0.difficulty_level,
        tp1_0.duration_weeks,
        tp1_0.equipment_required,
        tp1_0.estimated_duration_minutes,
        tp1_0.image_url,
        tp1_0.is_active,
        tp1_0.is_public,
        tp1_0.name,
        tp1_0.sessions_per_week,
        tp1_0.target_audience,
        tp1_0.updated_at 
    from
        training_programs tp1_0 
    where
        tp1_0.is_public 
        and tp1_0.is_active
2025-07-31 23:07:59 [http-nio-8080-exec-3] DEBUG o.s.security.web.FilterChainProxy - Securing GET /api/training-sessions
2025-07-31 23:07:59 [http-nio-8080-exec-3] DEBUG org.hibernate.SQL - 
    select
        u1_0.id,
        u1_0.creation_date,
        u1_0.email,
        u1_0.password 
    from
        user u1_0 
    where
        u1_0.email=?
2025-07-31 23:07:59 [http-nio-8080-exec-3] DEBUG org.hibernate.SQL - 
    select
        up1_0.id,
        up1_0.age,
        up1_0.created_at,
        up1_0.date_of_birth,
        up1_0.first_name,
        up1_0.last_name,
        up1_0.phone_number,
        up1_0.updated_at,
        up1_0.user_id 
    from
        user_profile up1_0 
    where
        up1_0.user_id=?
2025-07-31 23:07:59 [http-nio-8080-exec-3] DEBUG o.s.security.web.FilterChainProxy - Secured GET /api/training-sessions
2025-07-31 23:07:59 [http-nio-8080-exec-3] DEBUG org.hibernate.SQL - 
    select
        u1_0.id,
        u1_0.creation_date,
        u1_0.email,
        u1_0.password 
    from
        user u1_0 
    where
        u1_0.email=?
2025-07-31 23:07:59 [http-nio-8080-exec-3] DEBUG org.hibernate.SQL - 
    select
        up1_0.id,
        up1_0.age,
        up1_0.created_at,
        up1_0.date_of_birth,
        up1_0.first_name,
        up1_0.last_name,
        up1_0.phone_number,
        up1_0.updated_at,
        up1_0.user_id 
    from
        user_profile up1_0 
    where
        up1_0.user_id=?
2025-07-31 23:07:59 [http-nio-8080-exec-3] DEBUG org.hibernate.SQL - 
    select
        ts1_0.id,
        ts1_0.created_at,
        ts1_0.description,
        ts1_0.duration_minutes,
        ts1_0.name,
        ts1_0.session_date,
        ts1_0.session_type,
        tp1_0.id,
        tp1_0.category,
        tp1_0.created_at,
        tp1_0.created_by_user_id,
        tp1_0.description,
        tp1_0.difficulty_level,
        tp1_0.duration_weeks,
        tp1_0.equipment_required,
        tp1_0.estimated_duration_minutes,
        tp1_0.image_url,
        tp1_0.is_active,
        tp1_0.is_public,
        tp1_0.name,
        tp1_0.sessions_per_week,
        tp1_0.target_audience,
        tp1_0.updated_at,
        ts1_0.updated_at,
        ts1_0.user_id 
    from
        training_sessions ts1_0 
    left join
        training_programs tp1_0 
            on tp1_0.id=ts1_0.training_program_id 
    where
        ts1_0.user_id=? 
    order by
        ts1_0.session_date desc
2025-07-31 23:08:01 [http-nio-8080-exec-5] DEBUG o.s.security.web.FilterChainProxy - Securing GET /api/training-programs/public
2025-07-31 23:08:01 [http-nio-8080-exec-5] DEBUG org.hibernate.SQL - 
    select
        u1_0.id,
        u1_0.creation_date,
        u1_0.email,
        u1_0.password 
    from
        user u1_0 
    where
        u1_0.email=?
2025-07-31 23:08:01 [http-nio-8080-exec-5] DEBUG org.hibernate.SQL - 
    select
        up1_0.id,
        up1_0.age,
        up1_0.created_at,
        up1_0.date_of_birth,
        up1_0.first_name,
        up1_0.last_name,
        up1_0.phone_number,
        up1_0.updated_at,
        up1_0.user_id 
    from
        user_profile up1_0 
    where
        up1_0.user_id=?
2025-07-31 23:08:01 [http-nio-8080-exec-5] DEBUG o.s.security.web.FilterChainProxy - Secured GET /api/training-programs/public
2025-07-31 23:08:01 [http-nio-8080-exec-5] DEBUG org.hibernate.SQL - 
    select
        tp1_0.id,
        tp1_0.category,
        tp1_0.created_at,
        tp1_0.created_by_user_id,
        tp1_0.description,
        tp1_0.difficulty_level,
        tp1_0.duration_weeks,
        tp1_0.equipment_required,
        tp1_0.estimated_duration_minutes,
        tp1_0.image_url,
        tp1_0.is_active,
        tp1_0.is_public,
        tp1_0.name,
        tp1_0.sessions_per_week,
        tp1_0.target_audience,
        tp1_0.updated_at 
    from
        training_programs tp1_0 
    where
        tp1_0.is_public 
        and tp1_0.is_active
2025-07-31 23:08:02 [http-nio-8080-exec-6] DEBUG o.s.security.web.FilterChainProxy - Securing OPTIONS /api/training-sessions
2025-07-31 23:08:02 [http-nio-8080-exec-7] DEBUG o.s.security.web.FilterChainProxy - Securing GET /api/training-sessions
2025-07-31 23:08:02 [http-nio-8080-exec-7] DEBUG org.hibernate.SQL - 
    select
        u1_0.id,
        u1_0.creation_date,
        u1_0.email,
        u1_0.password 
    from
        user u1_0 
    where
        u1_0.email=?
2025-07-31 23:08:02 [http-nio-8080-exec-7] DEBUG org.hibernate.SQL - 
    select
        up1_0.id,
        up1_0.age,
        up1_0.created_at,
        up1_0.date_of_birth,
        up1_0.first_name,
        up1_0.last_name,
        up1_0.phone_number,
        up1_0.updated_at,
        up1_0.user_id 
    from
        user_profile up1_0 
    where
        up1_0.user_id=?
2025-07-31 23:08:02 [http-nio-8080-exec-7] DEBUG o.s.security.web.FilterChainProxy - Secured GET /api/training-sessions
2025-07-31 23:08:02 [http-nio-8080-exec-7] DEBUG org.hibernate.SQL - 
    select
        u1_0.id,
        u1_0.creation_date,
        u1_0.email,
        u1_0.password 
    from
        user u1_0 
    where
        u1_0.email=?
2025-07-31 23:08:02 [http-nio-8080-exec-7] DEBUG org.hibernate.SQL - 
    select
        up1_0.id,
        up1_0.age,
        up1_0.created_at,
        up1_0.date_of_birth,
        up1_0.first_name,
        up1_0.last_name,
        up1_0.phone_number,
        up1_0.updated_at,
        up1_0.user_id 
    from
        user_profile up1_0 
    where
        up1_0.user_id=?
2025-07-31 23:08:02 [http-nio-8080-exec-7] DEBUG org.hibernate.SQL - 
    select
        ts1_0.id,
        ts1_0.created_at,
        ts1_0.description,
        ts1_0.duration_minutes,
        ts1_0.name,
        ts1_0.session_date,
        ts1_0.session_type,
        tp1_0.id,
        tp1_0.category,
        tp1_0.created_at,
        tp1_0.created_by_user_id,
        tp1_0.description,
        tp1_0.difficulty_level,
        tp1_0.duration_weeks,
        tp1_0.equipment_required,
        tp1_0.estimated_duration_minutes,
        tp1_0.image_url,
        tp1_0.is_active,
        tp1_0.is_public,
        tp1_0.name,
        tp1_0.sessions_per_week,
        tp1_0.target_audience,
        tp1_0.updated_at,
        ts1_0.updated_at,
        ts1_0.user_id 
    from
        training_sessions ts1_0 
    left join
        training_programs tp1_0 
            on tp1_0.id=ts1_0.training_program_id 
    where
        ts1_0.user_id=? 
    order by
        ts1_0.session_date desc
2025-07-31 23:08:04 [http-nio-8080-exec-8] DEBUG o.s.security.web.FilterChainProxy - Securing OPTIONS /api/training-programs/public
2025-07-31 23:08:04 [http-nio-8080-exec-9] DEBUG o.s.security.web.FilterChainProxy - Securing GET /api/training-programs/public
2025-07-31 23:08:04 [http-nio-8080-exec-9] DEBUG org.hibernate.SQL - 
    select
        u1_0.id,
        u1_0.creation_date,
        u1_0.email,
        u1_0.password 
    from
        user u1_0 
    where
        u1_0.email=?
2025-07-31 23:08:04 [http-nio-8080-exec-9] DEBUG org.hibernate.SQL - 
    select
        up1_0.id,
        up1_0.age,
        up1_0.created_at,
        up1_0.date_of_birth,
        up1_0.first_name,
        up1_0.last_name,
        up1_0.phone_number,
        up1_0.updated_at,
        up1_0.user_id 
    from
        user_profile up1_0 
    where
        up1_0.user_id=?
2025-07-31 23:08:04 [http-nio-8080-exec-9] DEBUG o.s.security.web.FilterChainProxy - Secured GET /api/training-programs/public
2025-07-31 23:08:04 [http-nio-8080-exec-9] DEBUG org.hibernate.SQL - 
    select
        tp1_0.id,
        tp1_0.category,
        tp1_0.created_at,
        tp1_0.created_by_user_id,
        tp1_0.description,
        tp1_0.difficulty_level,
        tp1_0.duration_weeks,
        tp1_0.equipment_required,
        tp1_0.estimated_duration_minutes,
        tp1_0.image_url,
        tp1_0.is_active,
        tp1_0.is_public,
        tp1_0.name,
        tp1_0.sessions_per_week,
        tp1_0.target_audience,
        tp1_0.updated_at 
    from
        training_programs tp1_0 
    where
        tp1_0.is_public 
        and tp1_0.is_active
2025-07-31 23:08:05 [http-nio-8080-exec-10] DEBUG o.s.security.web.FilterChainProxy - Securing GET /api/training-programs/public
2025-07-31 23:08:05 [http-nio-8080-exec-10] DEBUG org.hibernate.SQL - 
    select
        u1_0.id,
        u1_0.creation_date,
        u1_0.email,
        u1_0.password 
    from
        user u1_0 
    where
        u1_0.email=?
2025-07-31 23:08:05 [http-nio-8080-exec-10] DEBUG org.hibernate.SQL - 
    select
        up1_0.id,
        up1_0.age,
        up1_0.created_at,
        up1_0.date_of_birth,
        up1_0.first_name,
        up1_0.last_name,
        up1_0.phone_number,
        up1_0.updated_at,
        up1_0.user_id 
    from
        user_profile up1_0 
    where
        up1_0.user_id=?
2025-07-31 23:08:05 [http-nio-8080-exec-10] DEBUG o.s.security.web.FilterChainProxy - Secured GET /api/training-programs/public
2025-07-31 23:08:05 [http-nio-8080-exec-10] DEBUG org.hibernate.SQL - 
    select
        tp1_0.id,
        tp1_0.category,
        tp1_0.created_at,
        tp1_0.created_by_user_id,
        tp1_0.description,
        tp1_0.difficulty_level,
        tp1_0.duration_weeks,
        tp1_0.equipment_required,
        tp1_0.estimated_duration_minutes,
        tp1_0.image_url,
        tp1_0.is_active,
        tp1_0.is_public,
        tp1_0.name,
        tp1_0.sessions_per_week,
        tp1_0.target_audience,
        tp1_0.updated_at 
    from
        training_programs tp1_0 
    where
        tp1_0.is_public 
        and tp1_0.is_active
2025-07-31 23:08:07 [http-nio-8080-exec-2] DEBUG o.s.security.web.FilterChainProxy - Securing GET /api/training-sessions
2025-07-31 23:08:07 [http-nio-8080-exec-2] DEBUG org.hibernate.SQL - 
    select
        u1_0.id,
        u1_0.creation_date,
        u1_0.email,
        u1_0.password 
    from
        user u1_0 
    where
        u1_0.email=?
2025-07-31 23:08:07 [http-nio-8080-exec-2] DEBUG org.hibernate.SQL - 
    select
        up1_0.id,
        up1_0.age,
        up1_0.created_at,
        up1_0.date_of_birth,
        up1_0.first_name,
        up1_0.last_name,
        up1_0.phone_number,
        up1_0.updated_at,
        up1_0.user_id 
    from
        user_profile up1_0 
    where
        up1_0.user_id=?
2025-07-31 23:08:07 [http-nio-8080-exec-2] DEBUG o.s.security.web.FilterChainProxy - Secured GET /api/training-sessions
2025-07-31 23:08:07 [http-nio-8080-exec-2] DEBUG org.hibernate.SQL - 
    select
        u1_0.id,
        u1_0.creation_date,
        u1_0.email,
        u1_0.password 
    from
        user u1_0 
    where
        u1_0.email=?
2025-07-31 23:08:07 [http-nio-8080-exec-2] DEBUG org.hibernate.SQL - 
    select
        up1_0.id,
        up1_0.age,
        up1_0.created_at,
        up1_0.date_of_birth,
        up1_0.first_name,
        up1_0.last_name,
        up1_0.phone_number,
        up1_0.updated_at,
        up1_0.user_id 
    from
        user_profile up1_0 
    where
        up1_0.user_id=?
2025-07-31 23:08:07 [http-nio-8080-exec-2] DEBUG org.hibernate.SQL - 
    select
        ts1_0.id,
        ts1_0.created_at,
        ts1_0.description,
        ts1_0.duration_minutes,
        ts1_0.name,
        ts1_0.session_date,
        ts1_0.session_type,
        tp1_0.id,
        tp1_0.category,
        tp1_0.created_at,
        tp1_0.created_by_user_id,
        tp1_0.description,
        tp1_0.difficulty_level,
        tp1_0.duration_weeks,
        tp1_0.equipment_required,
        tp1_0.estimated_duration_minutes,
        tp1_0.image_url,
        tp1_0.is_active,
        tp1_0.is_public,
        tp1_0.name,
        tp1_0.sessions_per_week,
        tp1_0.target_audience,
        tp1_0.updated_at,
        ts1_0.updated_at,
        ts1_0.user_id 
    from
        training_sessions ts1_0 
    left join
        training_programs tp1_0 
            on tp1_0.id=ts1_0.training_program_id 
    where
        ts1_0.user_id=? 
    order by
        ts1_0.session_date desc
2025-07-31 23:08:10 [http-nio-8080-exec-3] DEBUG o.s.security.web.FilterChainProxy - Securing OPTIONS /api/training-programs/public
2025-07-31 23:08:10 [http-nio-8080-exec-4] DEBUG o.s.security.web.FilterChainProxy - Securing GET /api/training-programs/public
2025-07-31 23:08:10 [http-nio-8080-exec-4] DEBUG org.hibernate.SQL - 
    select
        u1_0.id,
        u1_0.creation_date,
        u1_0.email,
        u1_0.password 
    from
        user u1_0 
    where
        u1_0.email=?
2025-07-31 23:08:10 [http-nio-8080-exec-4] DEBUG org.hibernate.SQL - 
    select
        up1_0.id,
        up1_0.age,
        up1_0.created_at,
        up1_0.date_of_birth,
        up1_0.first_name,
        up1_0.last_name,
        up1_0.phone_number,
        up1_0.updated_at,
        up1_0.user_id 
    from
        user_profile up1_0 
    where
        up1_0.user_id=?
2025-07-31 23:08:10 [http-nio-8080-exec-4] DEBUG o.s.security.web.FilterChainProxy - Secured GET /api/training-programs/public
2025-07-31 23:08:10 [http-nio-8080-exec-4] DEBUG org.hibernate.SQL - 
    select
        tp1_0.id,
        tp1_0.category,
        tp1_0.created_at,
        tp1_0.created_by_user_id,
        tp1_0.description,
        tp1_0.difficulty_level,
        tp1_0.duration_weeks,
        tp1_0.equipment_required,
        tp1_0.estimated_duration_minutes,
        tp1_0.image_url,
        tp1_0.is_active,
        tp1_0.is_public,
        tp1_0.name,
        tp1_0.sessions_per_week,
        tp1_0.target_audience,
        tp1_0.updated_at 
    from
        training_programs tp1_0 
    where
        tp1_0.is_public 
        and tp1_0.is_active
2025-07-31 23:08:12 [http-nio-8080-exec-5] DEBUG o.s.security.web.FilterChainProxy - Securing GET /api/training-programs/public
2025-07-31 23:08:12 [http-nio-8080-exec-5] DEBUG org.hibernate.SQL - 
    select
        u1_0.id,
        u1_0.creation_date,
        u1_0.email,
        u1_0.password 
    from
        user u1_0 
    where
        u1_0.email=?
2025-07-31 23:08:12 [http-nio-8080-exec-5] DEBUG org.hibernate.SQL - 
    select
        up1_0.id,
        up1_0.age,
        up1_0.created_at,
        up1_0.date_of_birth,
        up1_0.first_name,
        up1_0.last_name,
        up1_0.phone_number,
        up1_0.updated_at,
        up1_0.user_id 
    from
        user_profile up1_0 
    where
        up1_0.user_id=?
2025-07-31 23:08:12 [http-nio-8080-exec-5] DEBUG o.s.security.web.FilterChainProxy - Secured GET /api/training-programs/public
2025-07-31 23:08:12 [http-nio-8080-exec-5] DEBUG org.hibernate.SQL - 
    select
        tp1_0.id,
        tp1_0.category,
        tp1_0.created_at,
        tp1_0.created_by_user_id,
        tp1_0.description,
        tp1_0.difficulty_level,
        tp1_0.duration_weeks,
        tp1_0.equipment_required,
        tp1_0.estimated_duration_minutes,
        tp1_0.image_url,
        tp1_0.is_active,
        tp1_0.is_public,
        tp1_0.name,
        tp1_0.sessions_per_week,
        tp1_0.target_audience,
        tp1_0.updated_at 
    from
        training_programs tp1_0 
    where
        tp1_0.is_public 
        and tp1_0.is_active
2025-07-31 23:08:14 [http-nio-8080-exec-6] DEBUG o.s.security.web.FilterChainProxy - Securing OPTIONS /api/training-sessions
2025-07-31 23:08:14 [http-nio-8080-exec-7] DEBUG o.s.security.web.FilterChainProxy - Securing GET /api/training-sessions
2025-07-31 23:08:14 [http-nio-8080-exec-7] DEBUG org.hibernate.SQL - 
    select
        u1_0.id,
        u1_0.creation_date,
        u1_0.email,
        u1_0.password 
    from
        user u1_0 
    where
        u1_0.email=?
2025-07-31 23:08:14 [http-nio-8080-exec-7] DEBUG org.hibernate.SQL - 
    select
        up1_0.id,
        up1_0.age,
        up1_0.created_at,
        up1_0.date_of_birth,
        up1_0.first_name,
        up1_0.last_name,
        up1_0.phone_number,
        up1_0.updated_at,
        up1_0.user_id 
    from
        user_profile up1_0 
    where
        up1_0.user_id=?
2025-07-31 23:08:14 [http-nio-8080-exec-7] DEBUG o.s.security.web.FilterChainProxy - Secured GET /api/training-sessions
2025-07-31 23:08:14 [http-nio-8080-exec-7] DEBUG org.hibernate.SQL - 
    select
        u1_0.id,
        u1_0.creation_date,
        u1_0.email,
        u1_0.password 
    from
        user u1_0 
    where
        u1_0.email=?
2025-07-31 23:08:14 [http-nio-8080-exec-7] DEBUG org.hibernate.SQL - 
    select
        up1_0.id,
        up1_0.age,
        up1_0.created_at,
        up1_0.date_of_birth,
        up1_0.first_name,
        up1_0.last_name,
        up1_0.phone_number,
        up1_0.updated_at,
        up1_0.user_id 
    from
        user_profile up1_0 
    where
        up1_0.user_id=?
2025-07-31 23:08:14 [http-nio-8080-exec-7] DEBUG org.hibernate.SQL - 
    select
        ts1_0.id,
        ts1_0.created_at,
        ts1_0.description,
        ts1_0.duration_minutes,
        ts1_0.name,
        ts1_0.session_date,
        ts1_0.session_type,
        tp1_0.id,
        tp1_0.category,
        tp1_0.created_at,
        tp1_0.created_by_user_id,
        tp1_0.description,
        tp1_0.difficulty_level,
        tp1_0.duration_weeks,
        tp1_0.equipment_required,
        tp1_0.estimated_duration_minutes,
        tp1_0.image_url,
        tp1_0.is_active,
        tp1_0.is_public,
        tp1_0.name,
        tp1_0.sessions_per_week,
        tp1_0.target_audience,
        tp1_0.updated_at,
        ts1_0.updated_at,
        ts1_0.user_id 
    from
        training_sessions ts1_0 
    left join
        training_programs tp1_0 
            on tp1_0.id=ts1_0.training_program_id 
    where
        ts1_0.user_id=? 
    order by
        ts1_0.session_date desc
2025-07-31 23:11:29 [http-nio-8080-exec-9] DEBUG o.s.security.web.FilterChainProxy - Securing OPTIONS /api/training-programs/public
2025-07-31 23:11:29 [http-nio-8080-exec-10] DEBUG o.s.security.web.FilterChainProxy - Securing GET /api/training-programs/public
2025-07-31 23:11:29 [http-nio-8080-exec-10] DEBUG org.hibernate.SQL - 
    select
        u1_0.id,
        u1_0.creation_date,
        u1_0.email,
        u1_0.password 
    from
        user u1_0 
    where
        u1_0.email=?
2025-07-31 23:11:29 [http-nio-8080-exec-10] DEBUG org.hibernate.SQL - 
    select
        up1_0.id,
        up1_0.age,
        up1_0.created_at,
        up1_0.date_of_birth,
        up1_0.first_name,
        up1_0.last_name,
        up1_0.phone_number,
        up1_0.updated_at,
        up1_0.user_id 
    from
        user_profile up1_0 
    where
        up1_0.user_id=?
2025-07-31 23:11:29 [http-nio-8080-exec-10] DEBUG o.s.security.web.FilterChainProxy - Secured GET /api/training-programs/public
2025-07-31 23:11:29 [http-nio-8080-exec-10] DEBUG org.hibernate.SQL - 
    select
        tp1_0.id,
        tp1_0.category,
        tp1_0.created_at,
        tp1_0.created_by_user_id,
        tp1_0.description,
        tp1_0.difficulty_level,
        tp1_0.duration_weeks,
        tp1_0.equipment_required,
        tp1_0.estimated_duration_minutes,
        tp1_0.image_url,
        tp1_0.is_active,
        tp1_0.is_public,
        tp1_0.name,
        tp1_0.sessions_per_week,
        tp1_0.target_audience,
        tp1_0.updated_at 
    from
        training_programs tp1_0 
    where
        tp1_0.is_public 
        and tp1_0.is_active
2025-07-31 23:11:40 [http-nio-8080-exec-1] DEBUG o.s.security.web.FilterChainProxy - Securing OPTIONS /api/training-sessions
2025-07-31 23:11:40 [http-nio-8080-exec-2] DEBUG o.s.security.web.FilterChainProxy - Securing GET /api/training-sessions
2025-07-31 23:11:40 [http-nio-8080-exec-2] DEBUG org.hibernate.SQL - 
    select
        u1_0.id,
        u1_0.creation_date,
        u1_0.email,
        u1_0.password 
    from
        user u1_0 
    where
        u1_0.email=?
2025-07-31 23:11:40 [http-nio-8080-exec-2] DEBUG org.hibernate.SQL - 
    select
        up1_0.id,
        up1_0.age,
        up1_0.created_at,
        up1_0.date_of_birth,
        up1_0.first_name,
        up1_0.last_name,
        up1_0.phone_number,
        up1_0.updated_at,
        up1_0.user_id 
    from
        user_profile up1_0 
    where
        up1_0.user_id=?
2025-07-31 23:11:40 [http-nio-8080-exec-2] DEBUG o.s.security.web.FilterChainProxy - Secured GET /api/training-sessions
2025-07-31 23:11:40 [http-nio-8080-exec-2] DEBUG org.hibernate.SQL - 
    select
        u1_0.id,
        u1_0.creation_date,
        u1_0.email,
        u1_0.password 
    from
        user u1_0 
    where
        u1_0.email=?
2025-07-31 23:11:40 [http-nio-8080-exec-2] DEBUG org.hibernate.SQL - 
    select
        up1_0.id,
        up1_0.age,
        up1_0.created_at,
        up1_0.date_of_birth,
        up1_0.first_name,
        up1_0.last_name,
        up1_0.phone_number,
        up1_0.updated_at,
        up1_0.user_id 
    from
        user_profile up1_0 
    where
        up1_0.user_id=?
2025-07-31 23:11:40 [http-nio-8080-exec-2] DEBUG org.hibernate.SQL - 
    select
        ts1_0.id,
        ts1_0.created_at,
        ts1_0.description,
        ts1_0.duration_minutes,
        ts1_0.name,
        ts1_0.session_date,
        ts1_0.session_type,
        tp1_0.id,
        tp1_0.category,
        tp1_0.created_at,
        tp1_0.created_by_user_id,
        tp1_0.description,
        tp1_0.difficulty_level,
        tp1_0.duration_weeks,
        tp1_0.equipment_required,
        tp1_0.estimated_duration_minutes,
        tp1_0.image_url,
        tp1_0.is_active,
        tp1_0.is_public,
        tp1_0.name,
        tp1_0.sessions_per_week,
        tp1_0.target_audience,
        tp1_0.updated_at,
        ts1_0.updated_at,
        ts1_0.user_id 
    from
        training_sessions ts1_0 
    left join
        training_programs tp1_0 
            on tp1_0.id=ts1_0.training_program_id 
    where
        ts1_0.user_id=? 
    order by
        ts1_0.session_date desc
